time,temperature,vibration,oil_flow,rpm,RUL
0,77.48357076505616,0.6399355436586003,27.974465175076855,2618.438488424522,158.78265254244036
1,74.30867849414408,0.5924633682912769,29.566443987853447,2827.9229978440994,150.1181576645633
2,78.23844269050346,0.5059630369920174,27.622740237000116,2917.278893315671,144.03490619402473
3,82.61514928204012,0.4353063222294426,29.076115411082878,3377.537531468038,103.89965955913804
4,73.82923312638331,0.569822331361359,24.319155999138644,3111.3106249067514,109.79462074525699
5,73.8293152152541,0.539348538542175,30.639881122118815,2732.903686180022,168.7532195857353
6,82.89606407753696,0.5895193220027732,30.003616426086673,3097.2072578835273,92.31135975671239
7,78.83717364576455,0.563517180168197,27.54873410679543,2690.539202212327,157.0527884238371
8,72.65262807032524,0.6049552715319335,31.977737005297215,3216.538210777415,106.88936288598379
9,77.71280021792982,0.4464764788439432,32.812710412879674,2905.775069636424,154.57553724590792
10,72.68291153593769,0.6317394065634325,25.177320406893077,2981.2727622521656,134.17060620541164
11,72.67135123214871,0.51975996046924,27.711825664301358,3265.159329508438,97.10476287105695
12,76.20981135783018,0.7075260872625265,27.692572950638105,2742.5672862831498,142.41213007147343
13,65.43359877671101,0.4310812181910432,27.180290696673406,2720.576362977402,175.65830349982625
14,66.37541083743484,0.6735963803165249,32.488424525795246,2883.280134730799,144.01378867373086
15,72.18856235379513,0.5197910783462648,29.41852158368159,3207.6757702038635,111.35734678904531
16,69.93584439832789,0.43485819963855515,29.206455476068168,2696.1307849046316,168.86775143332534
17,76.57123666297637,0.4516114165945678,23.98841290677974,2433.568880377886,202.73860277258768
18,70.45987962239394,0.46796526918056797,31.90625409062768,2909.7682283182003,145.2180481692625
19,67.93848149332354,0.5424165946401917,26.282224815439584,3110.348159982184,126.99420108281953
20,82.32824384460777,0.55228354880355,30.179797890798984,3240.052349947766,128.9158315235474
21,73.87111849756732,0.4426299996061421,30.832130813874574,2907.36772758292,135.95934164377798
22,75.33764102343962,0.4975645407739017,34.08197578751595,2917.7146785767995,127.16305727615855
23,67.87625906893271,0.7142270358611864,26.073538802642663,3230.7801468511493,115.10840063534542
24,72.27808637737408,0.6727543170100712,20.941463532537526,2626.0516600609158,160.83164434177678
25,75.55461294854933,0.5436323669674032,30.551548634261085,2922.295844963398,139.62911540358917
26,69.24503211288848,0.50380034781682,35.40153354453256,3038.0847779850114,128.56742497290244
27,76.87849009172837,0.5120031326718262,33.71683905881831,3089.8437442570066,124.37822248716864
28,71.99680655040598,0.5613517972730416,30.628978245823877,2898.0386613618234,162.11552184592594
29,73.54153125103362,0.39772074348015946,28.525091443103857,3006.8882023411684,150.67566155253957
30,71.99146693885301,0.4742623462576655,32.42136778991193,2502.334529317402,198.67993140481977
31,84.26139092254469,0.3331415926122411,27.079361400886594,2868.3503175332303,140.2149225968661
32,74.93251387631032,0.5399223122605279,31.42907330806866,3090.7017425108934,114.95591583220038
33,69.71144535522049,0.564719593970274,31.516410477499882,2803.541193149064,128.1633917141154
34,79.11272456051594,0.4516813537700626,33.18062972249664,3011.7968443179193,128.5860773886194
35,68.89578175014489,0.6573986763290033,38.27898011673324,3089.37450016054,133.31175715627995
36,76.04431797502377,0.3774234336997659,31.1772479015363,2931.490159828447,155.1271185021388
37,65.20164938060113,0.353562511979018,28.473109122877503,3034.092754199314,144.0966416612959
38,68.35906975550785,0.5224451818559972,29.923277063424017,2807.4534869430777,158.72985449795792
39,75.98430617934562,0.6047098302612155,24.692772285332644,2958.6777440607907,129.01572556543329
40,78.69233289997705,0.6683927691457869,27.915860606732824,3122.0432339178446,117.07746052495547
41,75.85684140594985,0.454111573713106,28.77215268566069,3031.394592193687,143.88532418680722
42,74.4217585880588,0.6078680833431296,28.427734806196224,2882.6937460872127,127.96747405598812
43,73.49448152205356,0.4961491530499293,30.457064616101167,3044.843280858159,136.95745037903436
44,67.60739004816287,0.48273727000591804,27.532740202853397,3142.9219581273237,137.0915943724369
45,71.40077895802645,0.5883659937486673,33.36309200197341,2590.0117442845044,171.72913351546927
46,72.69680614520107,0.5652322878413419,30.00062119475459,3231.8148129911797,119.21550735742021
47,80.28561113109458,0.342360784301575,29.972099036584158,2932.7490522637854,177.61079443772093
48,76.71809144784231,0.6476540349725896,29.016315850461247,3085.097986648046,119.70502593277581
49,66.18479922318633,0.6380091354147451,30.465572051576938,3239.4493847290455,114.99527564481825
50,76.62041984697397,0.43744372984904706,32.475294794002906,2725.6652605539066,159.87050669205604
51,73.07458859791842,0.5395803533437409,27.3986093528673,2858.1117995144905,152.4850197084252
52,71.6153899984702,0.5494030186282739,28.02565053277423,2942.290260824859,147.0958442366883
53,78.05838144420434,0.5260673765823907,29.088821913670007,2843.249295775114,152.29093427396822
54,80.15499761247976,0.444969484615458,25.962387229580354,3346.987315167362,92.77834224916248
55,79.65640059558099,0.4328376632061948,27.542226420835508,2828.645581234641,157.72897613169013
56,70.80391238388681,0.49744459290085546,28.57133737936602,2888.8906441026265,165.4587091399275
57,73.45393812074393,0.6172729019259364,32.623167542138184,3040.8778063205955,132.80796285641694
58,76.65631715701782,0.5543600154594432,30.787683987005774,2759.570094784782,167.61670306075905
59,79.8777256356118,0.4629385667913894,30.580769734102635,2920.8638576487474,142.4577033776236
60,72.60412881077355,0.5771698710648345,32.55269388650392,3063.490652250035,135.98937921060508
61,74.07170511668092,0.21514573793699243,29.58788463480181,2933.4279191234978,161.65674701462535
62,69.46832512996986,0.6148765700372103,31.17139454978667,2981.3226282200103,126.88063881428118
63,69.01896687959665,0.32602862212219,29.690334741202513,2894.1335775103257,162.96093775104833
64,79.06262911197099,0.4637559058596868,30.796087048198885,2697.1059381638465,157.65332970024238
65,81.78120014285412,0.3880330105373856,28.251724027165253,3064.3186422678477,126.94708242607095
66,74.63994939209833,0.3705318524279094,22.683548525170714,3350.9866143294485,110.94805432253423
67,80.01766448946012,0.6160826787378519,29.597162513441088,3003.6803261566874,131.79144393650984
68,76.80818012523817,0.45322987986881086,34.26824440829982,3045.05282344951,122.5368089482181
69,71.77440122697438,0.5346503881730715,32.77864620672478,3138.5445510233717,134.06568258735084
70,76.80697802754207,0.49530794211208157,32.89619245377351,2746.13390069066,167.93778659456353
71,82.69018283232984,0.5477040827223122,33.70839216541865,3340.502931625921,90.17212692901848
72,74.82086980445024,0.5076821891060256,30.26597277288431,3040.4657592845606,117.78303174952578
73,82.82321827907003,0.37170077758114306,30.591947122216787,3326.371379817822,105.91716820881133
74,61.901274479551276,0.599626681944714,28.14704431369695,2853.393400895202,149.26925143485684
75,79.10951252187611,0.4506243416838688,29.05178143191885,3363.612384511565,102.68419277424222
76,75.43523534119086,0.3443418101340249,31.847313449313425,3155.031098806957,125.93101533045194
77,73.50496324767066,0.4571884839034087,33.61165331150645,3110.6080171704716,109.25272385649697
78,75.45880388267751,0.6500759790634311,29.581661172957002,3046.8048908706296,121.20284063541514
79,65.06215542699553,0.5850221742113493,28.649432205445766,2950.29427638511,140.1321948267406
80,73.90164056081244,0.4651347865592141,30.001583876569793,3240.1063316947743,122.11841746989623
81,76.78556285755873,0.46507422956815714,31.803620246787343,3028.071973969609,128.56431294974135
82,82.38947022370758,0.46783649487826173,25.668435551599373,2606.5860592825693,191.54158094970185
83,72.40864890863176,0.707674798356084,23.111457140588286,2776.5627076585997,131.6392593555024
84,70.95753198553406,0.5381935452231553,28.34838945152525,2962.8308495614506,154.44014676795643
85,72.49121478207732,0.543004164719107,26.337862722257526,3061.999796633111,128.1610150009138
86,79.57701058851038,0.6030283454031842,28.475579407058067,2988.682302220021,139.78769593701907
87,76.64375554829843,0.5238789159026513,29.556659043547587,3243.7941579587327,111.90277547543225
88,72.3511989811648,0.4740957854179297,28.64025477293096,2609.7796271922753,190.53720387954823
89,77.56633716556678,0.4803650150915022,34.35740260341224,3028.717587301032,130.4532022870102
90,75.4853877467402,0.4928398740585936,30.98023429380696,2636.404154922569,162.98869267966518
91,79.84322495266444,0.4962777763490158,30.901423078832487,3151.9424590968338,134.27529566924426
92,71.48973453061323,0.572762954363698,31.866621432130206,2981.1082571115994,136.37135284652715
93,73.36168926701116,0.50519458858073,26.583500646657694,3083.9219944048236,131.88281123321767
94,73.0394592343392,0.5732640077215579,33.1173353622608,2827.2234078820466,164.4422483489958
95,67.68242525933941,0.49192834198914176,29.77270714039362,3255.89298633155,105.65351921677379
96,76.48060138532288,0.5078635190316091,32.01144185172364,3208.3449328117704,121.4869390509736
97,76.30527636089944,0.30017993154678924,26.784428300879533,3116.7088606023776,129.26853161734417
98,75.02556728321231,0.5916327674702482,25.338723701951807,2974.096550627312,134.17422936570657
99,73.82706433312427,0.5346488475897992,32.453668974075086,3115.9714570590263,125.4796694018881
100,67.92314628974793,0.5998010109859653,31.12922857829255,2858.62148640253,135.18400905110542
101,72.89677338617321,0.21037446218063105,27.29384533692747,3171.1111318041426,128.1334065892632
102,73.28642741736616,0.7088374704780728,27.391010756175916,3329.8961788647844,108.43602380506621
103,70.9886136538919,0.4860410371844826,33.37630435324431,3214.1221119958373,127.65334200009413
104,74.19357144166996,0.6108182816737516,26.431764321398017,2854.079506038518,146.32795381835325
105,77.02025428407269,0.39600940728744694,34.92801885976789,3072.2834634546207,136.89229073325808
106,84.43092950605265,0.5612773905062569,27.298137796056395,2741.3716912482705,152.64107154046923
107,75.8728890641592,0.39465844368263436,31.915175776825148,3114.478062235135,144.44866091855502
108,76.28775195361382,0.4376231039304195,29.014144572753047,3090.1206825725076,128.9593747914797
109,74.62777042116916,0.6914031353866786,31.80956229324703,2626.036732093567,167.83070573207323
110,65.4061439235048,0.4809317599236653,28.36765799365742,2767.643231217527,177.94631836173227
111,74.86743062275391,0.5217432873179723,29.511621281783118,2943.3722206512466,134.36818340914073
112,75.30115104970513,0.5870067730688754,30.122757526187165,2939.828050571835,154.6041726094891
113,87.31621056242643,0.5495681887972604,26.99343763265558,2758.104612916239,137.74840988986605
114,74.03819517609439,0.5150418905143577,32.222473036260375,3077.795745870437,145.74565461031915
115,76.50773671166806,0.5364961002466225,28.460359300585246,3050.2947217881024,126.16509861350488
116,74.82644115147379,0.7403415585238275,29.314200253979944,2961.146173604296,127.02809665938926
117,69.15660981190234,0.49423812029664144,27.016951876174463,2848.8416999683272,136.92551737055462
118,80.7141140725751,0.5201099046714968,22.31299902361407,3209.7414252833128,108.1153580280294
119,78.75966516343387,0.6050654396007612,29.426916712199493,3331.081422617659,86.86068786621026
120,78.95515973521523,0.6105525932957984,37.23784626483875,2903.2877032306924,133.58955669079847
121,70.4530627260263,0.618703030556038,32.353812863694074,2877.566616569036,144.70854579439253
122,82.0139715546805,0.5638730222029185,29.942218860796817,3098.241533082399,130.55312594900295
123,67.9907446860386,0.38569950872695163,29.211327512375195,2928.394124050603,155.95627332957912
124,77.93428546900135,0.6633431532301096,30.06739767843614,2972.120559867353,133.73041015126967
125,85.95227812904989,0.3853654606981312,31.64135734552563,3147.9306303449343,112.00733097761943
126,70.04731837434656,0.5302635465239033,26.457561554073465,2618.1287824985416,167.8427443407501
127,72.16851135198614,0.4245724149980642,33.342965084006615,3263.6604649705337,134.30832726056346
128,75.4982568254382,0.49358616534070077,32.14614394632373,3014.5361048658683,128.76594248602652
129,72.48262172941901,0.532876241030348,32.154557177123806,2917.701371087564,161.90682249558967
130,67.24668284466934,0.5321357215450273,31.315427216429182,2982.15316915571,139.12394359603428
131,75.34281487403014,0.5421920754235284,30.05884997308197,2992.485871004104,135.9932810528331
132,69.68848143136948,0.6613711269058647,32.01858370790046,2653.759739311015,177.4148806102198
133,77.36796215317591,0.545353430151398,31.775442401224133,3298.987645490647,116.86850708616402
134,70.40287882883098,0.4755843364709351,28.93787786717693,3008.2651264541237,139.0847055138345
135,82.7496720250877,0.5964087168288357,28.279194681309296,3088.600426089475,116.0622550018514
136,71.08373353831881,0.6189470488924641,30.30556888578596,3190.3099541148085,113.92058088951435
137,73.38969241897162,0.37723921848630076,34.64706045448556,2795.76750848794,168.2460172997263
138,79.06758608684835,0.5597400069849858,26.2826787730383,3094.6943798070456,131.92280549531952
139,68.84567841783023,0.5701172742310898,25.59742420274268,2946.471781820241,142.46641748744779
140,76.13729967302065,0.4702436496640008,30.49428252370955,3169.3541550432988,127.67261515619123
141,81.53571377141213,0.6375706813311619,30.152663105568053,2574.5545159297008,186.28175477747516
142,66.96258382719387,0.48499444129674735,30.520024993111225,2980.181139951746,148.06396814903894
143,75.92316929266153,0.5125576453471542,30.731859593725503,2879.4358688432076,151.58347476203855
144,76.29941397124212,0.48269281757161303,29.330393236095585,3086.452590126831,113.88128487221447
145,78.90911435888655,0.5015579047581468,34.46959031580624,3094.0088374736406,99.75936246699465
146,68.81524644560959,0.3903724913104798,25.197288064570454,2858.4748210355947,164.11002740041343
147,68.39771693457863,0.3559949117405705,27.51450892565926,2857.5652271647914,161.29663091639426
148,77.60970782808448,0.6594505063224972,29.69023571955286,2977.866926288534,125.2881013918321
149,76.48492336616593,0.4153038651681672,25.0704335665375,2820.6715545369584,161.36049164667622
150,76.25246425172938,0.4008607650543693,29.472436786703785,3168.3967390904254,124.38701842040523
151,76.73224104748488,0.2846609886396285,34.98441049718406,2926.1585599105106,166.062776559564
152,71.59987639210755,0.4361038252310498,30.062659464887886,2418.6023561356715,201.39574361141635
153,76.16126848580502,0.3676910206592502,30.69210271715605,2925.035588675639,143.5620230058694
154,76.46536236649341,0.664201516013637,26.21950570448226,2792.2912358312055,159.22978182254377
155,71.42824290986816,0.6009817089342634,28.15091577588157,2673.744836907811,164.69099865810958
156,84.32887255572378,0.4311849654822276,28.87441085902819,2752.5146723554853,166.29021504920124
157,77.36916460455893,0.7252435805344308,29.0468547097313,3021.881694366594,118.09096217241161
158,69.04348251398676,0.5981765486991595,33.84493138501131,3265.728165649646,102.49834588810965
159,78.28276804316914,0.46751686164913775,31.673073182175372,3062.636894772996,132.06076572051586
160,70.1265916488634,0.2500594285126427,26.665626129188905,2878.699322356852,164.6920869496878
161,78.93542301871226,0.7290942572590742,30.739514335296015,3091.1808390341407,119.75776207794439
162,80.79297789503703,0.3610427533236404,31.494665245490356,2908.1819379562016,148.04672205758186
163,70.89658840824144,0.3354601253043108,33.4204471155638,2861.079926167371,143.30710907622264
164,79.8168806462216,0.6022570432009641,34.74162205970512,2769.127466353403,148.73822204561677
165,77.06390463468249,0.7439752406339273,26.954717424516396,2649.6342386496563,167.2440464574349
166,79.11030079997245,0.6384272818510518,27.567427466368986,2922.015258688111,133.34819884621908
167,84.48396491326974,0.5563909120052359,26.22726642325615,3031.6106979840265,124.31356811955519
168,73.77305941998564,0.5594754341665286,29.297940422679055,2980.675265997022,146.93593704103793
169,71.23131917821256,0.5853415558780308,31.399075123339003,2916.8066144105283,136.31686890335013
170,70.55242785187238,0.5758928589786765,32.9620035497673,2810.850787860644,139.4160321566366
171,70.92094857517282,0.5281191423969376,29.77214692907243,3121.6492383369937,124.36233356361235
172,74.61449145292949,0.5104201103951876,29.040457430235467,2736.573616010683,158.6726476402202
173,76.70575987408321,0.49374068721004777,30.45527397674622,3155.205582768695,111.77706422805396
174,76.38345399665009,0.4246035411133324,27.49457129510993,2799.556596214655,158.86865176555588
175,79.13591624518011,0.47193249231332257,36.26861616508432,2849.512952529393,156.79917848127235
176,75.06500945938953,0.33070431858046145,25.177016918645826,2706.642961876865,175.17509753791748
177,82.26767038578659,0.490166037320525,30.554221736687172,2899.7195706228727,147.45571660565554
178,73.67671583381022,0.40114088928490826,36.07081865768892,3195.062491695596,141.73242543444408
179,88.6008458329481,0.38964106827842293,30.020399533679992,3103.1256176887914,122.47617328515001
180,78.12833673882503,0.5179894151153478,29.429882894995515,3195.684422405607,118.25140498070607
181,70.71421221791859,0.6392002286344599,28.927663731568718,3104.4285091867873,117.14789791464759
182,69.64553750969444,0.5918316606002313,29.458824954712778,2779.266034293926,149.19544758687888
183,77.41236207621593,0.3429499396376823,34.11854542402959,2933.8421551344886,144.9130299323814
184,73.88268607337075,0.40103718634296626,23.36441426601148,2843.9601741765073,153.8231945132987
185,78.57000247046047,0.5940771187988216,34.600301103888974,3266.114980807808,107.99440271951906
186,77.36618812286773,0.40175126064616906,25.728128542649564,2760.6422707147376,188.65587370179145
187,74.63585543671563,0.47753668500029756,29.200043012296756,3178.7395378778224,113.77084988108662
188,70.76603140965797,0.5550052099024552,28.712266739104013,3178.590774021754,114.84139334171817
189,67.42576387657067,0.40316555451363645,31.765659809312158,3365.9240403432173,108.9052061705986
190,72.76742523966489,0.5105375506145959,25.205626944348758,2918.0626814741004,150.2411301891252
191,79.28199397161737,0.36659745050817955,31.38651799824583,3142.4644319160325,130.41819541672695
192,76.07046872065102,0.4398632356048786,36.07292886986056,3456.3303673077685,107.17952506813484
193,68.77130610644006,0.5319781934142537,25.91047798622157,2876.4716646132606,127.10435010938913
194,75.86590462925591,0.3407006266468331,30.569118502831188,2692.991950493528,151.86352260172083
195,76.92658689864419,0.5440474737960399,28.01405346661017,2623.9979932184474,166.9757518189297
196,70.58071281899433,0.4980362201073319,31.277661618579106,3142.542405772266,136.52659388334666
197,75.76862552972764,0.5552489954417148,30.057443332247257,2623.369958388283,156.35976130816616
198,75.29104359223,0.5223914134064661,28.075539272867072,2925.5361894124153,113.60496519538256
199,69.28514851084688,0.6364140429973845,31.46361685461322,3087.462637407792,130.5022539161202
200,76.78893680174141,0.5125224502647907,35.41304432936023,3037.0351073659826,134.71247058631863
201,77.80392263184117,0.4570594458874747,29.427288624818104,3085.0889728368343,118.83408503802796
202,80.41525621587638,0.5122297503032284,32.15927382644455,3044.457971160171,119.879691253674
203,80.26901026017451,0.5543298029036388,26.12018112638651,3255.7731626626787,96.87425126211623
204,68.11165316021454,0.5048860070325705,27.130690869545973,2809.536723852241,160.85155385777952
205,70.31087480042439,0.5040591691203883,31.417218833641133,2864.600972308294,146.91835415110896
206,77.5751763360433,0.42980083121932444,34.452348085607895,2845.468110945835,160.11619836618377
207,77.56892975456104,0.4337099082449052,31.06684004635698,3166.038362372522,94.3799368441781
208,77.57523843153024,0.3597394728200306,29.060825908430537,3180.079717679013,116.648916724054
209,94.26365745327361,0.6749576743186939,29.997874216270063,3090.2450638637015,98.83524156194781
210,77.85445255346583,0.3756136764608715,26.248776798090848,3236.6987333779857,116.05880977869998
211,80.677828200903,0.4307094802204093,31.8135459790661,2764.391826524724,156.30595165115426
212,79.770008817466,0.42815927344308025,32.64699918697023,3333.444822310227,113.34098748704788
213,78.256956256529,0.5894924376944441,28.64372900150076,3304.6477243424515,82.33875983616755
214,73.42365377679828,0.4705050321707972,28.589873556721496,3147.124399449149,125.5053963214536
215,78.79484610246634,0.6247742072673734,30.797634688956144,3356.3597817542122,99.31125264209396
216,71.13587392731215,0.4326509375756131,28.689840791878215,2668.6753584644453,194.4984546767383
217,73.81590696629996,0.5278994162223802,29.801602156122534,2895.1103727474697,142.36837872004926
218,72.57318226085448,0.41646529467402427,36.29916536749955,2852.9393078636094,160.84079939303578
219,75.40937069693162,0.7145149127773388,29.25892289776201,3144.295864751469,94.10135461189674
220,86.57329283336755,0.3812401580970487,28.924979543936335,2789.971852079571,134.73459842737643
221,65.66367403704126,0.5309820710227028,28.05737458309452,3151.499029867497,133.9169002014115
222,78.43130095187257,0.5633776880932099,32.23257591449981,3274.107228799343,105.14913930298817
223,66.93642064405174,0.5413799097451498,29.456327480345692,3139.0405800168,137.34386308702085
224,72.64034067105283,0.4814712341122292,28.05188088503572,3056.7502047323,120.19721859593463
225,80.44475298483682,0.4870179300266574,33.96391209681904,2802.4253318198503,160.3832152195512
226,75.32140009547732,0.5043811471979109,34.25880901354091,2830.629806774927,172.74544032031162
227,69.61127611035347,0.48529979983715116,28.198729302783885,3249.923781059333,120.13404993060506
228,71.42348145370016,0.596387911679491,24.400380145918152,3155.8698007810663,121.6476986669792
229,78.39798874467338,0.7210523001591351,33.022541069510766,2992.1960961244913,125.61434181550091
230,71.34816684141431,0.44425082149921663,27.946110522719987,2916.418090846822,134.76275184839065
231,76.08229294790988,0.3630197020420922,32.371876797488305,2594.8384253777244,197.87975524327146
232,75.22785919951907,0.4911717951648745,24.089688546864494,2785.829516263112,153.1359526176348
233,71.74199826197092,0.7579709337654319,32.677792014897925,3382.2838174279445,93.0469050017787
234,85.71972044662662,0.4196325432030269,26.36648421215766,2743.9088857995066,146.13728097087213
235,78.16959511159006,0.6639116805444067,32.19229235719958,3037.895964244216,112.13542534748521
236,64.87428706671196,0.667770081407644,30.042819203509303,3201.4887946390395,128.3763469245802
237,75.93227157384713,0.44464117582920054,27.138181741810065,2749.0154663995413,161.42723589208384
238,71.69106767615806,0.5568983079185276,28.77889106121966,3036.942094956217,147.1480960307983
239,79.26216667398111,0.6628396623128539,32.0589553708701,3187.583107502131,107.68631620656843
240,71.0373963078365,0.4620872259012513,30.317683359345704,3002.49986438145,122.70797638329559
241,74.4263177926655,0.47964196398976383,31.753238941417454,3573.6806111333535,90.3573577881609
242,77.52493639490228,0.4418319086051356,35.92932175354646,2666.280148224361,166.61899837229987
243,79.32877597085061,0.3985243269307133,25.307275164866844,3211.7457059767758,126.2217132055319
244,68.99851796472112,0.4350722454933993,34.85163772490587,2965.439652520707,147.45527216629958
245,73.32749382079525,0.3776059733237743,30.31306781256964,3154.384030967335,113.58636904725148
246,72.62527344419522,0.5034083468259226,27.303647855030615,3088.261430339849,131.33375055632703
247,71.73335383713145,0.42300267689413584,26.00905912278303,2853.3687605780005,179.60854460045542
248,83.82727120140548,0.5233785911790748,29.4326388276689,3045.799278491868,132.26737157630131
249,77.02490855480478,0.3444104353796372,32.76495033577338,2628.4197097203423,180.8498754515269
250,68.69558022832477,0.5330880232214457,29.6173526388674,3120.649500114279,137.68629273290637
251,79.58930973527389,0.5833528961608925,34.533464790742045,3059.631693198105,127.18121565653905
252,85.61078098506317,0.3006264357428544,25.646472929845324,3127.7320337286205,131.48542665009154
253,80.16232630275573,0.5374056569847572,29.963733156461835,3211.62366501743,100.9699357760502
254,67.40315017022994,0.6227668992473292,26.242819666760642,3073.523968041942,130.1461634062203
255,72.57882963566874,0.37903589813087946,31.090895647874902,3029.617883959655,152.15143604382558
256,81.33455574593312,0.6672572386837703,32.6606621702919,2823.7863326677416,135.23060540507052
257,71.4616526719061,0.5419019009366045,28.73771461895684,2857.5558472701896,165.6634521026672
258,77.21909714073114,0.4294988144241591,22.187358430118596,3237.346924035466,115.26375806342858
259,78.87317026714669,0.4944230922342294,30.596844440389482,3287.267081141196,98.23785702521018
260,70.36534764210958,0.5558326912521723,31.31021565520053,2952.377912737589,151.7642211117801
261,74.702373219691,0.5076005391412411,31.212884264885094,3009.2005494506548,133.48078913064424
262,58.79366329965464,0.5538755992446369,33.70734657546646,2819.0771250012467,168.59682476267727
263,69.87806179332856,0.40793264069206336,26.786838961052855,3234.551369053489,118.29161384079825
264,73.7371592430342,0.5169360824036078,32.04064831635135,3133.0833647383556,123.37801834916786
265,68.76108409017576,0.35862855030950197,33.57752253743392,3388.2434872927497,113.7992837535049
266,83.16205651965818,0.48887739386512996,24.66423724798045,2824.335384564052,154.45053416640923
267,67.84929311019684,0.40960923585352105,30.95895547775693,2924.3984201963567,133.1997318280724
268,72.79977756651508,0.42644700574102334,28.487460506976987,3046.2891845051145,126.43640507823594
269,75.65370288643045,0.6236093175210438,29.75543198069506,3129.297907545154,127.35699177412532
270,82.20636644533057,0.6091310120594269,31.04302945061501,2956.8664724904734,131.43225303630058
271,67.82068924410281,0.5609138120907177,28.53831430765934,2825.40778190926,150.2658735547725
272,80.8158187607748,0.3907687235327421,27.972875762515166,3176.281505784714,108.8397637119293
273,75.05116530509794,0.46835915503051984,30.102457252464074,3144.227072509116,113.83638913225494
274,70.09245674476024,0.6213097699979183,26.738262183411592,2816.745179887255,131.99577873937903
275,77.31051737131635,0.5141716913639904,26.742524613344443,3271.088560221099,107.51449353701706
276,75.99529847786735,0.7319329539981694,32.03811984886951,3234.039741839321,96.01735307141526
277,71.99891561420603,0.5393317839394371,26.55361789452403,3026.8592994495584,124.68214414111614
278,75.3490104249501,0.5192049116490032,31.998937502727635,3015.919572475207,134.09205770587454
279,73.0734320156912,0.4690883535797499,31.387773878561852,3110.8115542231812,132.56741719937614
280,75.56758672625624,0.5133540904782282,24.82257981362821,2827.6593859487484,174.71454284018506
281,78.31065337260523,0.4847530163619456,27.967306042993034,3006.0062958328162,120.88755871668633
282,82.93008408072676,0.570810867668859,33.58232820914212,2569.5232910781638,184.63589590138247
283,68.81092250586576,0.5956702316794584,27.056503406580955,3175.291129100587,128.01292986318617
284,85.66516687328134,0.421401053949205,28.606787213071836,2687.701355511628,159.53630092096927
285,65.23956100238749,0.3668767046442222,31.386182679755688,3300.6839656857996,121.00034724387544
286,74.24107452482208,0.3163794626896703,32.350171527847785,2933.97598120671,149.08655898905826
287,77.94158603242288,0.5507991326912544,29.245383341866514,2957.6666036137644,139.57947579203673
288,76.40495933867517,0.38966333938261266,28.207469415925075,2874.4532187830987,169.96034161726743
289,71.88650240089703,0.28471094070475167,34.267109585095525,2942.392225215585,161.63804156906858
290,73.95938874821363,0.5388578604530965,35.21669899139274,3283.7062690296075,112.792869432612
291,72.53499532670584,0.749299951743279,32.936574152345386,2502.438268692984,171.7205846806383
292,72.05317621527894,0.4993929088460107,30.255954427695073,3255.3930772176377,98.62389207905287
293,79.24801048510513,0.5838490774451642,27.57520283507722,3067.604696220342,122.33838915775098
294,76.78507742982524,0.5081829358547565,27.508666780330305,2758.595670428557,172.40482899813298
295,71.53545202369673,0.49011103468088574,31.567542315797272,2784.9375213901526,145.9612915491956
296,79.49799937716625,0.5919076482987768,31.25519466266605,3335.2786054416406,86.576863670547
297,76.53649760438304,0.4709725455811349,34.20479577883929,2810.8986240114536,158.35593887994705
298,79.06431059419481,0.5267392314071903,31.951350277608416,2769.329897880808,147.35134549598965
299,78.14814420961807,0.5321697806196014,25.490759094720545,3227.462908472946,103.64591354576413
300,70.85502494538964,0.4331909546356951,33.15584285316876,3067.710575257183,131.90589645252035
301,72.19909479901516,0.5992042349536523,27.005818118056762,2812.41488469272,139.0425783416363
302,78.7364680256163,0.48250402433045914,28.848086184142947,3043.3249950809236,122.43284680041282
303,78.05185132716733,0.4244254840507155,30.750600618755083,2794.8494632719444,167.30213297455919
304,74.89549203017926,0.5536509843570403,35.98700246935189,3220.164279684521,99.77957897629662
305,75.58663691654391,0.41015320182089626,39.329755668016084,3212.2741929746267,104.49288080827216
306,81.38832447894212,0.5028181157369128,31.820169177408548,3106.4012397643887,117.22455820190547
307,72.04214305582084,0.49908810033557965,29.450410143838837,3072.3322122494033,139.11085725546872
308,77.7354869058502,0.6085895565831578,31.60351694544165,3352.237624973475,93.50979814060062
309,73.98903673783053,0.5474698232879953,32.66296627762151,2999.9372654776453,130.99245313776424
310,73.9115939838639,0.4974973041254856,29.037997123328424,2763.6251749158396,162.25040828536586
311,80.49388425993595,0.5817766299200287,35.385634067736966,3089.8947825664613,104.21767378878789
312,79.12708174494014,0.6390207549017314,30.690212277574208,3417.209409907423,91.71153692945138
313,79.06754818000319,0.5557810306351862,31.49322926727418,2797.0481013628296,156.80671455599258
314,81.52739403577165,0.501035261984338,31.997772756163386,2927.707446661203,137.32071047581977
315,75.1050192081638,0.368816376764984,31.264759831843367,3083.2892076202907,145.73699591360395
316,78.40976485647482,0.39348863369246273,32.516821501408835,2989.219030198852,130.92382187772384
317,73.44866621703272,0.46947752956453326,28.14824044035923,2803.539283924537,170.72695195333895
318,76.62083176244221,0.4390487797840717,28.32509473816191,3224.3715712460944,118.84492466091834
319,74.34928472816158,0.4813028697014554,26.699537301084916,3464.0081444034518,88.9938738117195
320,75.48497982496359,0.5056649924897108,31.31850369186068,3039.2262918047813,132.85289492887136
321,77.97578512718457,0.5529692754356731,32.33680951053634,2819.1863420528,150.37236180123466
322,70.90889658383264,0.4929501221940909,31.373318598455658,2690.207894989305,183.08008506362586
323,85.4619363784273,0.5486501643826202,35.023477300042615,3051.5951962442364,113.91021269252158
324,69.96991309250149,0.5064474414810121,29.98321194351286,3220.7754686632516,109.98993212190749
325,68.92905693606134,0.3024533433646128,32.00622496677754,3095.033549299076,151.27247835455586
326,80.79055436750033,0.40606646061812457,26.724897371582056,2999.5192318162294,133.39412725188208
327,78.95831346981468,0.48559124442783846,28.838700892576796,2882.1456696421387,157.03204485280276
328,78.12059908526078,0.37903052571588924,32.086613272697335,2781.5672734563823,180.82580665602404
329,78.1417275463214,0.5599928729996204,32.54730633222943,3166.950265264976,112.21651578094432
330,74.93876613576543,0.6530750832343697,29.118099157007453,3182.754324277117,118.41505360844013
331,70.51372814257084,0.6218761851697316,29.7852022444258,2690.8540426618533,153.0269995906441
332,75.37902279096863,0.47865571290697917,25.44637875995757,3317.9677956361365,114.12825637623119
333,71.61419144243945,0.6490726136849952,28.92891239758017,3114.8142441788004,122.25208903651811
334,79.87559866708875,0.5148667457202112,32.67114949055936,3279.918929029159,111.05735329913134
335,74.2647130924893,0.46629140288819604,31.7256150483197,2731.574450302977,159.9399075586939
336,70.87251401603744,0.43865973364590605,31.501997164143628,2726.835168916912,153.336405262323
337,73.39307079173503,0.4697530313511872,30.14932106154288,2970.2061380465407,147.82771987941408
338,77.06465727137812,0.4611823181458771,30.02118947588453,3100.5568853790387,107.71883539431863
339,72.18137723598012,0.5170416222375488,28.01903658157966,3359.2721645853926,98.95650888916784
340,70.88889802216784,0.5160573981049864,32.09648526060761,3141.2157827630263,134.04292147156377
341,76.21843605745956,0.5003046020153414,31.262918833168168,2951.463744637593,143.64815476547417
342,76.22483285554361,0.543693816974635,31.476056543978398,2794.7261584668217,174.7137033247124
343,72.46528412314436,0.6190646274786341,28.42189547199726,3246.00011454383,118.46520663593083
344,72.64480847190839,0.5949554135441324,23.539971240386265,2807.058914849857,146.6849497185977
345,76.16024968678818,0.35151020315500964,33.29145813526109,3325.693710954464,112.04812770192336
346,67.75957829251338,0.24460788650980453,28.563487631974787,2943.123070078698,159.10380249493892
347,67.96268112811723,0.5934319911239274,27.411672707870636,3318.1164145235703,88.7136507939267
348,71.40777889373783,0.36331213015845787,32.08043673574198,3135.786258011856,123.14788907917905
349,73.93276424144076,0.47752345981073163,28.823962080242612,2972.6009021115083,136.2897456077936
350,76.55453782799002,0.38298869739406405,33.17980915213987,2896.1207256347748,132.59901862426491
351,82.37678108474776,0.31980195624199803,31.85101784873009,2931.818424530784,150.11460387496427
352,79.2882981160101,0.5541462728204788,32.05070796960143,3085.6633384750476,121.59148500693586
353,74.20030735018287,0.5759155160302647,25.902132866398397,3015.4312992435434,115.8320015859253
354,74.90491896048655,0.44234895992732803,33.6358319561592,2881.237718386259,156.34844933753772
355,69.98735317681096,0.240895770785509,30.783751593701567,2966.8737179364734,163.43289052558134
356,74.90743432003805,0.4453755551747517,28.89216858226139,3015.71540594383,140.97630927550924
357,73.5567068053993,0.5391804005402546,30.430165402026752,2574.2531811170375,175.5966267064942
358,76.61359280169044,0.3521088431225871,24.67129430130504,3091.6336229577396,140.83882066477
359,70.86384528223839,0.5183359919779156,31.225958434442013,2804.0557550566386,165.04790585908805
360,77.59673257120586,0.4984690150827004,26.911885475453786,2769.333519358851,162.41886672157378
361,82.66369456501289,0.5579291499601089,25.941989142469396,2662.5311305778578,156.2724596573547
362,74.45619925771571,0.5119580368414153,25.432922441346328,2641.2215004264217,175.81785614154103
363,77.0085586104947,0.40269310591184443,33.33806512496977,2728.9104993775422,180.424821969661
364,78.45071995855557,0.6196571501664492,28.112209818921635,2858.1958084739017,138.0059110788923
365,72.99389764057082,0.484147042697303,34.6011831297495,3390.6518275053136,121.20990968564233
366,76.12046240905208,0.4972695460490068,28.392595610843106,2894.8240648209594,142.33757567107384
367,75.06296200390898,0.4066732040926804,24.87792612722116,3035.5500212536062,138.90392680145223
368,75.48838049274416,0.455671774880849,26.650426680154023,3080.0962773012657,124.73773731939556
369,71.13495108072267,0.4115197285973099,33.70743486002082,3026.2130372431698,143.46794266465878
370,75.12255087129472,0.4827053940076577,29.532305466189996,2984.511307854801,122.43010715213688
371,77.48999145622724,0.6711708480142343,28.3551381105282,2760.941247280151,146.14191915499234
372,82.2557180389752,0.36280988570686434,30.480054677558364,3290.1855096558425,100.79188372609923
373,79.79635413042604,0.33864386021232584,31.505348208502635,3361.439328727577,108.37908053033588
374,85.76591228755778,0.6471170327493608,33.352196447707385,2663.468261175463,168.35883985629584
375,71.16326218555976,0.4790676322848134,34.34549768967878,2795.194281822724,167.40562098185256
376,79.36160318360339,0.43309272613400834,28.92069406263274,2944.0379315245987,120.54417534044912
377,75.91671002869175,0.6039904687396076,26.021856941753885,2807.092441017962,171.55357397615637
378,85.94901466608836,0.4394384460263136,28.759604516630173,3101.193110691173,127.88705870273152
379,70.95850857322424,0.6826009713546937,30.78084151974866,2854.3455595186774,137.19114978885545
380,70.80139078909612,0.5677925871339269,27.108723221368166,3433.0112135613203,94.47983308253296
381,72.0030367727799,0.45120885918542974,27.12854725531487,3238.109718868719,119.38896499249358
382,64.38052137845096,0.7157308213265503,31.031363644649655,3042.514806126443,121.10323046228699
383,72.3712248915962,0.4394285076996661,29.854042945288647,3205.3972526639463,123.28240357624468
384,71.20433669223151,0.5742095372009307,30.098390986234758,3221.180084871462,107.49462343048843
385,75.75196893238103,0.5299292580406492,27.72451399589979,2887.2105023883514,142.8628824660416
386,76.70877987888579,0.6301741289398798,29.308797857382697,2836.756551091607,139.5984571468516
387,84.38085419607943,0.6561511196726852,27.227300567195087,3015.6286125939296,109.11244276153656
388,79.75211919093024,0.5032004149065766,32.67059523337436,3172.3272248995886,119.18956187140104
389,72.11548172168798,0.42465821296538164,33.10574800417126,3027.8120797306833,145.781134882982
390,70.50792664325822,0.5459972142939117,24.461436413285718,2684.6007035618004,174.13494156825902
391,77.45959585753253,0.4322284630247894,27.21146741942277,2839.4351112098316,163.9145203253635
392,68.3988339648968,0.7013387247526623,25.510412234729763,2985.2054272811242,135.45650615195473
393,84.15729382927177,0.5136535331082738,28.049928196779305,2984.866879134834,128.42473353429799
394,80.89720060360644,0.4634678448687891,29.749686090628916,3394.5084353579614,105.32380256327308
395,72.65412173947648,0.5184680305864908,25.65106434090441,2722.8024115202006,151.89412105049777
396,66.43432735454562,0.36528737104703035,27.23442056062406,3101.1178483671747,129.3999691085334
397,81.76936187082707,0.40283859614893486,26.988127883755503,3297.822621665658,99.54912637634145
398,74.42730077373692,0.6200413907944425,30.621801988196832,3454.2899490845593,97.15584575634661
399,81.1890815598673,0.4343105721028604,30.20803301110875,2919.1205153632077,155.20576422000326
400,67.02786170602816,0.39530890173180605,27.83478733998824,3098.28589054404,141.76508737644156
401,72.00312488523113,0.5536652752527286,30.530462616418195,3113.9520714397295,135.63926530289297
402,75.02621849859092,0.6185704154662997,28.359959746238204,3039.096346310658,118.85590752220386
403,75.2349029688237,0.5718953310665067,29.18503466902184,2980.230959752139,139.2506371856587
404,72.74967264260378,0.5996047685805816,35.02035627089561,3087.195077900009,123.67367317583646
405,78.11424966173749,0.4243204911430539,34.02138315537104,2493.550782956063,198.8405933552214
406,69.66189785308703,0.3578189333258156,26.101256289217208,3136.4138980125263,132.48447228039106
407,74.28810257489353,0.6501333651955487,32.48919725363752,3025.2355807323934,123.97629349543563
408,75.60147815855949,0.4677320161157864,32.434189663474776,2955.505020644347,148.67124323610608
409,77.57219417029374,0.47491669835449524,26.555210133742143,3409.3724391439114,105.29251575464957
410,78.55807439044445,0.6328194141849058,32.45633293126458,2865.0131962418895,135.8952205228755
411,69.37678954081065,0.555623000940066,34.61379575523766,2919.384802186994,144.98121825036822
412,67.32942914632189,0.5455887772081608,26.632365581266757,3398.310660440947,88.64037418591977
413,81.38838410949255,0.7165002344901084,27.24749153695721,2833.587739030029,115.14141214281601
414,76.66157005989795,0.4356481769619857,33.052984400530505,2889.9769434126924,152.89370809481977
415,71.25756731721724,0.5927840128081238,30.814485932476945,2970.59491531383,143.7615777321485
416,82.75575987761262,0.5057013124897084,31.65442882571857,3168.1468964259097,119.14303288498452
417,75.57837317146429,0.5268592278863257,31.02176764920149,3041.5605014706625,112.21618469534164
418,80.89648592031914,0.6528468426412531,31.172087762784432,2741.4749305695477,149.25342755005826
419,75.33759240705055,0.5507835756289624,26.02058361506675,2893.5662873745623,123.25191867705955
420,85.30373962440993,0.5538296079049633,33.14195311986435,2878.529113357558,155.50074953333296
421,83.77670421221602,0.6072507337309803,33.50876997728332,2984.555790955391,118.432986290623
422,73.75517925760464,0.46350472704571144,29.31182776779592,3085.1687317259657,143.98433694091446
423,79.85785475477178,0.41607903326609935,29.869569150558412,3083.6411511775946,140.3617022783911
424,78.22687974792574,0.39551908059789664,25.406677492332832,2644.7976491903196,167.6249376517497
425,81.84315778766174,0.30336434106239984,31.542764268053503,3212.7881975121713,111.30353478915454
426,70.17538269709948,0.7056207129940322,31.71617232514243,3050.5137691993245,128.08359824567955
427,78.43025729999219,0.3896791634278317,29.813426949002068,3276.9064095187814,105.16703185490348
428,80.29212243424794,0.4778746376414228,33.373060079611506,3088.8396654581343,128.10108677657354
429,66.20630256788442,0.47231867001110794,28.997768307060177,3220.2645915471526,116.42618015271792
430,69.08370743667112,0.5307406697809101,31.6938177776808,3093.3090622900254,111.77862241896005
431,64.8038391111995,0.5815737212539297,26.941006983923653,3269.2451512405496,89.29019906640417
432,73.65296582777721,0.5860473488359745,29.929343547377286,3104.450127203556,125.69297940890299
433,78.58771127897981,0.44169225614310614,29.476937226291493,2980.4169507114193,134.96425901890657
434,82.51178526048014,0.48328782862135883,30.675923766122825,3454.4869440893763,83.60012336061305
435,75.37047390209888,0.52825799504883,28.891419213499923,3177.8074244559784,125.07975924184906
436,83.14307772785646,0.4751308873816453,29.605582212984995,3114.7488842008825,134.93145111322568
437,68.09949270892554,0.6607345576019993,32.47814151432452,2744.7391166923326,155.71416688258594
438,66.48308780322422,0.5490974951638251,28.689707288285348,2742.3384765072924,161.66374662036873
439,74.72226150551691,0.5734877786049818,25.180268697783962,3058.5430964283705,133.1116010052942
440,76.92032724469654,0.5662881268667412,35.24875171261626,3029.1042395536483,116.7456503819541
441,74.83652625952953,0.6173473857485325,34.14436223607146,2877.175486998337,146.2283494304519
442,64.66278949980062,0.5181021558703707,26.123211914683143,3028.196539922412,144.4627031825615
443,74.55439980243605,0.37031680520441534,32.06912341573558,3317.725385608719,119.23672336186559
444,68.47765249747573,0.5399687951752642,28.491075688345973,3139.0804949100598,105.48715747646824
445,78.3483627441502,0.4348643106208171,30.79046164599318,2771.7982980494526,154.2892205938494
446,76.83299123048424,0.4471383318250243,30.882672387040483,2977.6982345714114,132.67413180813082
447,70.30060106836322,0.5586364018755093,29.296776599051036,2839.006703829488,154.01607853318623
448,72.43066541331653,0.6238283071433636,27.64870300324081,2922.460016718288,145.15469606202456
449,69.70393239055524,0.5021271576736062,27.928376843051222,2917.2768668740714,163.2810933080948
450,74.68660451363414,0.5308833012598964,27.251424253556273,2904.470883479199,140.71578952858744
451,79.77571160250619,0.6702214944635239,27.504533375308664,2748.972925605321,146.72805193194645
452,70.07136976832228,0.5240753179488569,29.798465129851934,2974.469063696362,152.81036303754726
453,77.52023257758923,0.7601683114180395,27.852720032667744,2887.878472630538,137.40939026255265
454,72.3487119081378,0.5565509645631544,32.04615619713786,2414.1102619995463,207.26358472969844
455,71.03563583868828,0.3239237240844182,34.46173846600778,3410.5944049003324,110.11383541650011
456,74.46484820022721,0.5753341621104533,28.25984027588987,3217.7539308433343,100.65430852289755
457,69.82378838790314,0.5381158384882778,30.71821350160613,2924.739855015001,132.37704483235632
458,72.23175347326409,0.6289752754082746,31.499055330908803,3003.7638099481196,116.54385600755292
459,69.01061053705575,0.5673181351269958,31.41600681275782,2765.6691305364875,167.1823932690583
460,84.82362566458195,0.4861544016016226,30.227865803748262,3339.144575562173,111.25197776228063
461,75.17631775985865,0.37757017637106344,32.22804725507917,3379.457738954622,124.08117981991903
462,71.50137246003708,0.4790976742713975,31.446746858041973,3031.338745649305,145.59160881471348
463,76.0698995536711,0.41494795457906997,26.287012733018106,3204.7061288370687,132.3754253858539
464,74.43835975154585,0.4419476550195277,32.60746819316782,3035.0573557867847,131.37753846803537
465,73.89515200233389,0.558857840442061,32.661872511800226,2732.654912224814,150.27988258681006
466,78.07083350021712,0.6669904504351406,27.710141687464255,2917.6353262072685,144.35232143158314
467,78.78753855023652,0.5394671529822981,30.113813506342805,3026.3855933543914,135.1711212627217
468,72.34749426194736,0.38041169379648154,32.04998697843321,2909.090456251311,154.97106629748006
469,72.1209087967766,0.5444602668220141,29.372058541261914,2956.2693445129926,144.96331261554158
470,73.62474151424178,0.6196631486645652,33.218934143298036,2981.720088498177,137.2643177844152
471,63.49039417632208,0.43902170956806175,37.09161748385808,2983.824300426908,160.7594559892807
472,67.42404468900725,0.4865982833327082,27.642041902095052,3010.4516980994968,153.8627495270808
473,81.83437133722262,0.5014688194729197,25.856866190538675,2787.8789867206797,160.66367820907817
474,83.22483856750642,0.421510168691776,30.911455786814628,2856.596770174413,160.11042398984597
475,73.75481980221811,0.5648280433843859,32.16468751537843,2743.0831468600063,165.71349876791874
476,77.88278481527882,0.4879051851392218,29.307400878465693,3195.56310993724,112.4953400213293
477,76.55625077271768,0.5419532443907028,34.3597819899631,2578.870611631935,184.30279798004395
478,90.3944040422762,0.41125078221979,25.984182600830252,3230.718068663385,97.22350131294125
479,80.59787455717289,0.45625416996765894,32.078755869094834,3277.2698794525686,119.70028180073254
480,74.36041204259617,0.5722381357827772,28.18241753772332,2939.5638826034756,128.30626953155513
481,70.22229779699788,0.4627166847908233,35.15813371862189,2479.37258243454,196.67379148645318
482,66.96776839871214,0.6726963851233405,35.977546059504355,2927.737887606542,131.65596819956113
483,76.01731817933612,0.46003638143853975,27.70003023664996,2987.163167742236,145.80709489492557
484,71.21824627357849,0.5224684725751886,28.35132859227426,2797.8803560142173,158.1401653737505
485,67.88873145201163,0.593259083187309,32.57876366093941,2896.9563212383514,130.74948840916025
486,71.76713557878736,0.3581634267066968,28.838608050631457,3306.03903977267,119.81135320818927
487,69.59225998192802,0.32391911880192237,29.863766346203285,3132.9854324603484,129.93016305457795
488,83.43570817536282,0.3474343685429905,30.07616526162723,2815.08717712438,168.21317698086474
489,79.40819878474726,0.6262584103427182,24.240980531407033,2680.4801660809135,160.94822036974318
490,74.96013679341691,0.44481418541075535,29.95848676171729,2934.596536478046,150.77377853882953
491,82.39972069445012,0.7558199285668252,27.930816677807478,2957.3086441299124,115.7025892612903
492,75.38684153823809,0.44357524013426114,28.520631532800685,3099.239837472663,124.31051116262792
493,70.69357899335868,0.5184551303197037,34.33089601040644,2892.936657486468,144.85040187767783
494,82.61562038634828,0.6542109952567876,26.23047931716223,3102.299915072372,124.31867333917481
495,77.69455021842329,0.7006092888159123,32.43961556024393,3387.030808012046,104.19295052684303
496,69.81376922836772,0.7061503576636398,29.163111209004576,3163.1002044888523,105.42385953632015
497,74.04830660958196,0.6208366230593143,29.160719494512495,2990.3822985338456,143.66426713543552
498,70.62190873307621,0.6024062525811462,32.371115688155136,2963.369905789341,116.53496824821346
499,68.08600134517832,0.5592526949201183,31.020153883706673,2928.665373164026,133.18593325407943
500,79.63088773765821,0.5778361076166638,31.711838991658592,3236.128182490429,98.09214793942704
501,84.54708320235065,0.44488142836714667,32.90455398159858,2874.537310809739,134.50356900508618
502,68.00716213090429,0.41818011165776925,29.00607485045003,3009.0445417999963,128.347075273784
503,77.81484618345286,0.49966255425890477,28.16328979647675,3010.239580376217,139.21548027908463
504,71.74678715439086,0.4829815377475072,26.744548420326606,2899.6431614376934,147.87253641438124
505,72.56437308117651,0.4546771950672725,27.523768410063134,2725.50689042318,172.22731863978123
506,72.03803037880566,0.5696387447456716,38.84728327592617,3064.5949007235336,135.94428436217532
507,70.68004615160092,0.595530520857051,33.73403874221036,2987.799205628923,138.75970025018
508,75.24260813972414,0.5088406886291847,25.946776901375934,3100.048093887314,133.509483871451
509,70.84524941794481,0.6477530081055262,26.03262612976929,2893.2799387121668,142.1664081521119
510,76.3522841288992,0.3858310885866495,31.445598185155475,3244.1642597626096,106.2459436468995
511,74.74880945275432,0.4806340540720282,31.6417943921339,2824.645243757631,166.70751000246625
512,73.80525976566796,0.4283177679397195,31.646651505952093,3342.4080568035783,101.54955471201089
513,70.462181689792,0.313346338292694,29.235132619338906,2650.4726980343476,174.6983594494103
514,72.11614334715834,0.4917319314157301,29.6236372199913,3086.9540129113784,128.88075170645251
515,78.77695612912878,0.48782524916167164,30.98363857247807,3095.0861365053247,117.58353663385444
516,77.5045859381219,0.6513449743242131,30.25767901887999,2840.8885864118233,140.41729585365172
517,70.11222377600724,0.5630811684554777,23.342098881757394,3084.8787875722023,131.7424901476369
518,75.49666152714613,0.3975813175670795,29.31060110827442,3255.903733952032,120.26564735533105
519,78.75693561685894,0.6854092566334189,27.44578069721906,2556.636232129187,161.70914548272455
520,66.65297359439315,0.6221033695525353,30.525634256725535,3100.548961498163,120.63639484587287
521,77.71680096189968,0.5582097703468616,38.95577700781023,2501.3458359339847,193.83985745601103
522,71.68688120527077,0.4773515901150168,31.102444996422914,2806.867039295358,164.56627713941737
523,77.8529933429658,0.404056076327652,29.059410941482806,3325.833272980189,129.03802260760094
524,71.18370421728741,0.4627793223928947,32.765404505931755,2883.6435933215894,164.7061041769679
525,65.9755894966774,0.6088748619704186,31.44806366162764,2765.2240071182055,171.4889921269192
526,66.86228781058419,0.6884586305934609,31.260283471355525,2960.4124542030636,122.22599364017047
527,75.24042473330691,0.6543243528272189,31.820551779647012,3413.5812676327105,95.94404674504881
528,76.2986125086074,0.45111505782137257,36.169630694488625,2633.6635505587947,175.3975177817791
529,70.47841687447796,0.38803825667109887,26.607334694022253,2789.7380176721313,160.87525892661043
530,78.19296229388686,0.5140886246911204,31.420896230434362,3299.4863366359255,106.93060736023332
531,66.6923996886552,0.32315606344371484,27.220856610055385,3371.5404687075466,122.79406545884682
532,74.66960100676341,0.5323167714184781,31.666537939026746,2979.313755141943,143.12630132154217
533,68.94491900118771,0.48523974137013315,27.243940465541716,2752.1894594946716,157.26186946801172
534,71.7408194609892,0.4533963498131758,28.747899559184745,3419.1687003618317,106.96749187858964
535,75.23699335658208,0.34052969327332044,29.114730257286283,3318.8884783498393,107.09029540229933
536,70.69793317358024,0.5513600106569716,32.92745015803413,3135.7893975524466,125.6709243147595
537,73.07722227885087,0.44672991603380885,32.75536333182724,2837.519530212516,154.33943936286119
538,80.0314640460722,0.3830083164289712,26.262847870660845,2990.1941318323925,139.62577645491984
539,72.11554065238425,0.21277377867183506,30.164802332999546,2967.927983791034,164.1731721115178
540,79.1784605603257,0.4972485094949364,27.871260435752482,3066.1702609231156,118.5293809546198
541,69.35146572671191,0.6772251596669744,26.224485267973996,3290.2002876262673,121.89493113343792
542,77.64902088957642,0.666125921454787,29.348948848726888,3175.8834082274807,92.0699919667794
543,82.2078431032895,0.4542903743413728,29.07455163463254,2784.5247846030484,151.75240443843316
544,62.641777499363556,0.4397787939638219,37.280149459036565,3275.2992900039076,122.86236145115377
545,71.01552372264761,0.5468774256075024,31.29887947608209,3062.626428002631,136.72886572239108
546,77.8853606359027,0.4001614560811708,25.86714749773729,3137.4131591717833,126.30317375509475
547,73.98477306978504,0.5301791899819466,28.305677987487172,3293.3081718557205,106.59392975042263
548,76.85572936685655,0.5766080278384691,33.06414988628819,2777.6839500972897,159.07883976819545
549,71.9800740664209,0.6226933223884308,36.265328318609775,2992.8348842587075,131.28111364692046
550,75.4329489373645,0.4899845923520047,25.242050063286126,2893.709089728157,162.3451995202509
551,74.2216138230396,0.4796326249823034,24.360226844582865,2686.428114926909,178.65824148899014
552,80.83891030829903,0.4122017413243439,35.612895526115345,3069.341995520984,140.76450173759127
553,76.27210421650607,0.417311964596014,31.168842532112713,3502.311310316885,81.10565139655355
554,76.68801331037601,0.4773521108098473,27.395121804370902,2631.9844510988496,173.79605845037764
555,72.94061516938767,0.5367365506816179,31.603887258367305,2993.543877790106,134.3338176150076
556,72.56196887963753,0.5913584626233249,22.092756782949365,3128.1085870149545,111.28421997062483
557,72.8372090609019,0.4196821049319655,30.010126519791484,3024.615640331236,143.73736802928482
558,76.97226071189148,0.6492688568959522,30.983463518529256,2977.374389496852,125.93653027177325
559,72.89507759589868,0.4728876398957431,32.77281041861349,2740.1567273108353,172.4464447746823
560,76.44887428448206,0.4978632705651564,26.958312143122388,3046.5573485880327,121.52474884175456
561,85.37700399322719,0.42527883208521766,30.257061484210077,2848.647204596815,168.37324206786224
562,79.35562351715846,0.2575759739727058,27.223726121821237,2562.0156590042893,182.27849705643595
563,73.3698823391608,0.588404539636105,30.766151267022952,3238.918444102746,112.19601081034405
564,81.00606961081972,0.5736843897092433,27.313961032910928,3191.6771639684084,119.56362241616776
565,72.95962313489224,0.47186724428817867,28.775697482519337,3010.332195370216,133.18720237912217
566,64.80937732411073,0.5066990717224872,27.012553815629314,3045.8149376411407,146.20355042203568
567,69.95956844541298,0.55159392177041,31.95340872547097,3214.8636025431124,103.6623234564576
568,65.64604039487072,0.34374541431134575,32.575353349969994,3044.8679313556167,160.02409294326122
569,73.24243257979346,0.4470947322653705,29.296138290127757,3180.803510952263,123.08518865126601
570,75.09209189594776,0.5794264679621828,30.114713984880083,2940.50355982523,133.4681605917052
571,83.38218656137641,0.3745710576830751,25.65422575609937,3262.3967477147894,110.34886133940475
572,76.63463686882082,0.5293557932166629,29.100970055979637,3064.1571451865366,136.88837008002997
573,73.90449735595568,0.3643418195376595,29.849386148874764,3038.8103887211746,135.10506855451732
574,79.14702790591744,0.5466429982433526,37.86237927308993,2745.9877822575936,151.0019810148865
575,63.944323454960575,0.4964358517702516,26.66409892267751,3057.391170860342,135.25156262213554
576,76.17807279054283,0.33848681840944905,34.39253171625731,2833.6090165011096,149.85609990644548
577,78.85432596943484,0.6164739354457172,32.99057632039742,2872.3434546943013,160.72023385298473
578,67.60706877110078,0.42654084232019507,30.84190921347041,2836.9248743367757,155.51299015261506
579,80.71877021603464,0.4189747562985619,35.2758614525854,2786.753013620155,168.33274357684314
580,76.69248203747208,0.5200569197230943,31.116316417820588,3424.9542806033924,95.25018577124774
581,72.923560430496,0.6148637349428715,31.167477587003788,3266.2678123976807,96.32291129302061
582,78.16390933053142,0.3984178181021603,29.840638040947365,3384.073500428852,102.53025729461375
583,86.35346428902199,0.5061679849847972,33.670706647255884,2755.420996088887,163.81279679046793
584,75.90933127529247,0.5428816500330573,33.28940770143265,3014.2507499821786,131.59356351161992
585,76.24110293150169,0.5693105607263144,28.122968137511364,2741.298474959181,171.21520246052563
586,72.70319550229878,0.5176441555277225,26.042258416203698,2860.8610245605873,161.89524594422434
587,70.75077815267605,0.46329721609166774,29.39105808781303,2816.374603316685,169.0114383339934
588,79.15167908272123,0.41724097793512804,27.599884306807063,3247.9168012883124,110.17386371032175
589,70.71958087045566,0.5086143883046375,29.809426276153935,2920.754064379648,136.33565923376062
590,75.35783118609696,0.39278609880143933,33.71231440405242,3213.675866738803,115.17831673937128
591,72.61171276617442,0.20786495165053925,28.62809503473963,3120.8241779177038,143.18088764928265
592,77.39489912873196,0.5436559804157668,29.871529856065276,3460.727750420958,93.50484350807339
593,76.66831052643474,0.5903934841086196,30.174068204425186,2704.1111553720552,140.01934094654166
594,80.18769972128949,0.26370675644581615,32.545292646615856,3251.84664795736,121.45501550521091
595,72.44991800572626,0.39902692952900626,23.259331998046186,3229.2881740801454,122.47576936590386
596,73.65062532353315,0.5619154261005198,28.17989911570411,2805.3242323945933,151.77105023059264
597,70.10618142108846,0.7057495469711699,30.63385107683842,3201.426667294632,122.42950360159286
598,72.77853369961944,0.5020793707675408,33.600236869280586,3067.228992605246,136.00166609379738
599,76.88650246522425,0.42719970587708656,28.524292657481386,2954.5047480093185,157.84820775341066
600,78.78494308322676,0.481710355889516,24.370341881874378,2835.2129026056,150.84111519984847
601,70.38917337911187,0.6374876419148185,31.85913433789841,2856.178109710163,156.6879951687561
602,79.3480296005283,0.4354035820875465,28.093912833523113,3409.962419157185,113.91022812491519
603,81.77818929402476,0.42008079933497466,26.431000022728917,3000.1365637914964,151.21014349981584
604,77.0671745161185,0.45172564778179675,28.126963830860326,3156.426000306292,112.31611438793442
605,84.38397906279033,0.4046671391741288,29.446423927032452,2841.8201236664895,150.85588036782562
606,71.13105400448214,0.5122670315994795,28.18576600638536,2844.0294107556724,150.96653328771978
607,68.77672648344291,0.6624678458469561,23.38330182870279,3216.3969618499887,115.7410936316951
608,66.10639875547861,0.5323079273116029,32.69119859066139,2730.0847576896936,174.18646403785652
609,82.48022155744592,0.47476464978737126,33.824625123836164,2916.9572464189455,134.93700534975653
610,78.27182828177028,0.4708188731084456,31.954565974018518,3006.8054822144463,137.32097912141725
611,74.72207664544773,0.3436809191303343,26.58694298872555,3022.2745203680106,123.02819036239696
612,76.3998431315991,0.588310977714716,29.395525398157446,2964.1813429967688,150.38584530680666
613,69.37255476350812,0.4922162802987198,29.980436054311625,3079.1639562191845,127.66277057462453
614,87.22875989808414,0.48195200864093746,31.79638316868573,3138.5711511635623,118.98954390099979
615,75.64610590987614,0.8193107567844862,32.00502146615424,3146.927509091866,103.42216115677037
616,75.54697397302446,0.5298752908365686,27.797478603664512,2802.8392382664347,166.90910039515
617,78.62883311949346,0.4248208949904816,30.245986669240683,2943.1689804142407,116.75257623533135
618,77.40504615868356,0.4573642403794457,31.371841213845723,3238.9525723753877,114.36790424088808
619,76.11942012139566,0.6148445709196755,34.3674669664403,3178.9294375147747,112.24693006686388
620,71.04762772277344,0.5113270410537765,32.11351961947417,2725.4281097037874,161.83065923962886
621,77.35734178567998,0.3561722021682633,32.367170062126554,3070.2959800704402,153.7453864480591
622,84.41012248237517,0.5919228934575204,30.251479883788083,2604.354950125038,158.89000448487485
623,81.7271002307749,0.4331855914461006,34.23137743561051,3009.386980412074,144.2564340434567
624,82.96593313319698,0.6873297776217546,31.22928838787849,3379.5534033491954,89.75773210445502
625,72.44392161784407,0.6080048065714648,27.416736269479287,2810.4214565462025,164.95084573323965
626,70.0519758987071,0.4552678104341249,34.21010991037557,2833.1353909016834,152.22519159099676
627,74.37106539950176,0.6281016361735113,32.09370981761708,3152.805956314572,108.7991008688787
628,75.27862456144348,0.5067855510527404,28.670867936614552,2691.4396969580707,178.83813954560816
629,80.47095759235474,0.5852773675122219,28.56152109780227,2873.4489940229923,147.40896650921337
630,66.5376768514259,0.5484732817294475,30.889726635422285,3119.2882275163506,111.92930126941198
631,82.64775159730307,0.41536433450091265,31.389554385802754,2873.1428304621195,145.20057428545817
632,74.20996050710505,0.4356450167682538,30.59187679689362,2952.8060025578056,149.69599519073478
633,72.8655946502629,0.6029960817581161,30.933926020328656,3148.837142063007,126.9113265961279
634,69.93947812369916,0.4665224667893459,35.09987212372914,3084.3092167073123,126.48090939602231
635,66.72571664067115,0.4596351536758003,33.21462945670466,3053.3636792590805,109.17645617179691
636,79.11585291980957,0.4044877420650647,30.571906773795074,2932.1755441459923,152.23236387961305
637,75.36658983594202,0.5423599065593461,32.82393174230245,3074.012223053791,115.59428054924278
638,68.55019550129472,0.7062524919243145,26.90242828941738,2975.2534639800488,112.71354327390792
639,68.52460613968192,0.3932467085745727,31.193781149840426,3091.561121985157,108.59599005307322
640,73.32107650354936,0.5024219456672758,35.42791904919933,2900.6135949764043,156.29681356919846
641,83.34510762644696,0.6412220555415429,29.345862313822877,2963.4862051240916,131.20389740133987
642,73.70204324318198,0.4920358608754285,27.457098214142746,2802.0084414895973,156.0897773785553
643,67.48428523440947,0.5452371796249734,28.043733334220818,2992.9984779987526,153.58639423129893
644,73.77128467957027,0.393760647185312,26.731100887972836,2837.799827274231,166.01958940375684
645,73.63638215126164,0.5428307097207649,27.64571427561689,2777.1907099676014,174.48420286878996
646,61.515566785292144,0.48128557349954515,28.88847570422991,3051.732229571078,126.07736025359893
647,74.72852566741093,0.5985729995679863,25.783298942464075,3042.547955171532,128.1067854312023
648,73.84532734895662,0.6187386051564752,30.046855001848808,3156.5747469897146,100.3157976192463
649,78.48103182406709,0.7589563642018614,32.706831521359945,2913.77488608498,129.1403539508207
650,84.24478047472672,0.5579633173213576,27.27673145955924,3081.610569367351,119.33222842216685
651,80.63282514773879,0.5325796316582166,34.5578517709253,3110.1595144547327,128.30479077037714
652,73.65555654722584,0.5194384301577336,31.532376265582784,3088.954761566319,128.76046287328742
653,69.46737045629165,0.4646833707189312,33.091741756872175,2834.8692634395716,164.77929127474957
654,87.8667990162493,0.5338483843461691,28.02649633844359,3029.872696454238,133.42131296053208
655,75.29609217007244,0.47045985898609705,32.56357568119985,3072.828059210932,153.09544181839712
656,75.06964645956474,0.5168460976269614,26.72419829881406,3001.4356933815884,133.32633599784947
657,74.87937456444999,0.631759753560796,32.670742502509526,2582.704468325783,163.29165120049308
658,75.99042380383928,0.3993457434720359,30.515518019380593,3032.097924794696,141.28854459817305
659,74.27819794038028,0.6139878561129045,31.65975365995435,3442.5062078794485,79.88808716482437
660,72.13168996559882,0.6317115067339866,26.473216183125444,2927.9921462486036,154.36897274000623
661,72.26570529379804,0.48819314730089214,27.314790473170184,2854.384580428936,151.1868515557104
662,74.83623364892001,0.2878145100991405,31.791684654760154,3074.6697119422797,135.06842279761509
663,72.28287614433117,0.43921780129055676,27.154955987327398,3062.4756420933145,130.93695044246394
664,71.43577108661418,0.629699454656111,31.38961887629737,3238.5470330832827,116.12661265027549
665,75.53215113845948,0.4977131937701118,25.898586580619263,2748.4263688182223,160.92815802812763
666,73.72511391289572,0.4000697767705089,32.544522638000004,3146.2760505149986,122.08968095222298
667,82.51996494291345,0.44952250787717823,26.302430055694472,3118.0844122502926,141.10897008589035
668,61.74515095803494,0.5840620026504553,31.65689981303857,2971.570692611891,134.20555672065314
669,80.45753425961232,0.554673356820138,31.876892800938002,3067.737463584338,125.61947941108309
670,81.23042596248814,0.4761067900830306,27.909684544711276,3205.8914963196717,121.51335939873951
671,64.63304883795925,0.46331755881853126,31.74607970125418,3174.4630760056903,110.757938935354
672,73.28656202959826,0.4608241850956178,30.78132679000067,2771.396137585254,167.97850098595384
673,73.14279567002104,0.4077589815501497,28.383474431421785,3164.031637351097,116.08641259756776
674,67.9624415264109,0.6615375689469442,26.974335947771376,2987.0622789934964,142.4635006984377
675,71.11091656204562,0.467767953078866,24.112122924982263,3014.574819603103,129.97215198553383
676,69.44712077267086,0.6217158520825496,31.04895014189908,3014.6393982003387,139.6543975079918
677,83.76135221711812,0.6521316051922451,25.305591685913836,2969.951402240348,139.57593407074097
678,79.6783919657373,0.599831089814796,30.286032598323924,3238.341499421413,114.94946484057826
679,81.3577754749708,0.45683796872819515,29.209655351753252,2983.2564080301577,140.66673950547008
680,78.60836032021618,0.5403730090336609,32.03742832631458,2776.090774323366,153.75508252657528
681,69.35474114391386,0.4975804393609084,29.093863501530407,2921.294028806054,142.55000881604383
682,72.37739866860113,0.40962981392698716,29.011656640958726,3035.738943362095,154.46626254131158
683,77.4468728061396,0.5324359281721603,32.195612112864886,3245.84295685941,103.07551930070474
684,68.88936095554027,0.3820960208840197,31.005174087252353,3120.6189369897666,124.01796404335222
685,78.56499215086194,0.6187679388461564,30.948467871548335,2829.8929442505914,153.4435019075304
686,73.79837300920933,0.4535382702701607,31.40780276942558,3497.0379833357783,82.75873361644447
687,73.12589596225202,0.5201159655872839,25.393283630378683,3052.955062195596,122.63511254528893
688,78.55479984101746,0.5283287871546142,32.27036603996095,3255.078147599803,94.36230334008258
689,77.2213165574302,0.4741095026295923,31.837406382040808,2969.6571132845543,135.88905686674468
690,73.1951691709046,0.5586693801475274,26.94995061427051,3106.67184894109,123.97461127409734
691,80.79664901682123,0.45250963433774755,29.267758578977396,3167.893700903681,122.61774096094088
692,69.59468336200051,0.5871297297457244,29.882078137117105,3243.6389423508513,120.9953400396232
693,78.07967803472133,0.36540203197532517,29.5965096467948,3211.473661075645,126.81167251296651
694,77.96550628984193,0.5126379579546412,31.001579899705604,3174.439400014596,116.03268676035557
695,73.45226780343005,0.6938928999058285,34.29410034549355,2936.9826537611784,132.89899896307855
696,76.63066511121059,0.39996686753944255,33.245300183018486,2885.6507916087876,158.22281959569563
697,68.74443211807349,0.43222550294751483,26.06334241970578,3066.5215020648393,150.09006021638925
698,79.6201350960345,0.5513907849658914,31.866209970918145,3186.625614468214,115.22097375169876
699,74.07548931778506,0.5179581781939598,33.98679995860623,2955.455859844679,136.82745190483752
700,72.38638489740481,0.5350630099273559,31.16042556206761,3213.0343931428774,105.82155772978658
701,80.24504612918444,0.5489187130147664,33.2729412755579,3290.523349097236,88.92715373082359
702,71.4782815472862,0.563472146856177,36.03681133710229,2816.7358161853163,161.07636698545167
703,67.9576935181822,0.6109699841956223,33.07112863832094,2832.615859240744,157.99085334344892
704,67.21685413238048,0.5409818656928512,30.747925786925187,2971.924988218933,147.92361607834053
705,78.0300497567282,0.47587423453814576,33.135265422254264,3061.5225336378394,129.7524155674241
706,68.59785323751859,0.5672573701202731,30.434663499290675,2895.08659724659,161.89889260948556
707,83.77397090992183,0.6899881934895216,30.071709129854867,3270.440535773429,91.72836634737189
708,64.59035296058138,0.48673662536174267,28.9457572928588,3084.8133723036904,144.4393473933252
709,83.48228184145019,0.40254706953293584,34.69024007649632,3007.889409648148,136.9551356879179
710,76.05508733601309,0.6107080669286973,27.544714002173997,2712.8180952262946,154.0717358161357
711,74.51643444064804,0.48796188360464016,34.597103174034345,2736.8368367144985,170.58530800117174
712,72.27540456595526,0.28273304539859634,31.499592371221112,3056.2018500563613,148.2018216282964
713,76.99568057176036,0.5847421677150422,25.802081475594175,2573.4808747690327,178.48669144413367
714,74.81182648787576,0.4464671814046077,31.102947878974266,3202.5274819288143,120.8307637135123
715,80.5165094100826,0.4909466717695839,23.699920477045126,2968.369231125536,137.97855777675758
716,75.5711382433102,0.5331980330569015,31.876524050493106,3648.6185939189468,94.5763897623095
717,75.75150880730939,0.5190499679779066,32.655694448966976,3461.583250123222,101.85598863708948
718,73.18193893893073,0.570945181713904,28.22293213304384,2963.7101861504966,145.71902177964495
719,74.71527188139466,0.4564513629430157,30.370643087866746,2978.732599493737,143.0645275448121
720,76.5390088444603,0.5513105798176082,35.86247230125086,3199.1163028004057,124.32490831281552
721,66.44915803671687,0.4740453322416083,28.48275988721419,3340.6345219836076,114.1896499351149
722,68.25907288947144,0.5738810480887503,26.823277238830197,2672.3941885127965,170.19903982728746
723,78.71632047011357,0.5615367484013053,34.4449902073878,2642.724906929063,165.2568683993125
724,75.85432719063971,0.40645612979554047,35.887761571592385,2875.593038889124,153.38155264936384
725,74.0800833182366,0.6085982116175033,30.01108701554354,3116.547516634773,89.17103873774866
726,75.09216966532696,0.4464036554885952,33.03438910622507,3099.3747181015196,132.3022689757312
727,76.73790852680835,0.5808057798281145,34.02442774659264,3213.95429099677,106.3105668444095
728,72.30120159845319,0.5367287313401341,27.772547302384847,2760.060494326938,176.93361318390168
729,71.10847637298843,0.6838183676795122,28.544082493896394,2536.7712274062246,176.77116139702522
730,75.9792262754884,0.4776534017628148,33.69262353946421,3171.6028390604292,109.07779867272252
731,70.10813611192484,0.46506832038818025,35.05504283612553,2834.360745406953,157.7576398426521
732,77.04126377857236,0.4980580394112267,31.688642580523066,2596.3024271222725,166.4850125773002
733,66.48708197881079,0.4696820217165725,27.360556939493836,3029.0127491918765,145.105157162703
734,80.14577818662822,0.579994190194205,35.961183335098326,3158.6351376437356,117.97336127599692
735,77.36298741206521,0.3383689391563412,28.407087306564108,2975.5885735757447,156.41959828965852
736,76.28014867156938,0.3946317580853646,28.994586656485644,2908.4303227635023,143.3764875666512
737,79.91345491972757,0.3932197078420807,31.027013503468865,2968.1275535708187,143.90961275323176
738,83.32737222231289,0.5950307591973576,34.662481262144325,2925.8834475198432,122.34621322272498
739,80.07185032509065,0.6710613372581925,32.56192792965667,2730.3905776119664,160.38689803259552
740,65.79562884334177,0.4895550781462529,31.24459650108573,2857.063864601914,162.1067570152263
741,68.6021151663215,0.4831178276809989,31.38986559035432,3104.255981002763,136.0755031427887
742,71.8759071115216,0.5070052163113181,30.1305440059304,3064.3357082753,132.2944051147127
743,75.13045525105417,0.616187830260819,31.674418543555518,3033.611961193364,132.41191364998346
744,77.58829510234561,0.4072646865809426,22.41131976691709,2800.970303629324,176.78897883993363
745,71.37128093423267,0.5238368982734785,29.110177622790605,2963.699367572867,138.90163529150297
746,75.9338338223854,0.5975197629782429,30.723965804750343,2564.5869907114293,177.0848477058531
747,71.22308533823339,0.5501094169939845,26.546957749141477,3035.695332777078,122.45219021166213
748,71.94241098504025,0.5189581616598743,31.15896995343468,3285.7715415627135,100.82112265223145
749,67.96669451575889,0.6001046092567142,29.386586337041635,2705.173573591579,166.47219785105997
750,70.38383376944547,0.22967677070007625,35.26642709494647,2882.814465336449,176.08213351364762
751,68.24157697191833,0.5677875319530907,34.71905917564457,3065.821355742026,128.344891099668
752,70.12063373511333,0.4345924316872576,28.602583292645512,3250.568526885497,115.79404356640953
753,80.2682089830392,0.31693671031435433,29.547486865299913,2910.35507673997,148.9146998737219
754,70.25300555584029,0.551120259952498,29.778157303174822,2861.5499341468208,145.81492410132964
755,88.16191032418695,0.6373658545162958,28.64502157152113,2606.2153715167833,166.3789295175016
756,77.46658950440445,0.48625514853723084,30.58507495208438,3020.687625861621,119.91260878298766
757,75.92418061847437,0.5952874547202939,27.725153793337228,3408.4152080287486,104.24141191854054
758,70.70821109909393,0.6612278257988645,26.608153995187422,3055.471692392935,119.3831109399217
759,78.50154939704495,0.6314914453584047,31.868133671700807,2995.5442041632573,136.83926747161294
760,72.12181086881112,0.6639964529371393,31.888588752665434,3064.416462153397,111.59763972945902
761,75.6100490732268,0.5742127491071892,27.587052721020022,2997.7815992102796,140.39457939246134
762,87.80042269134397,0.5075433638901593,32.6860662922878,2837.397125547974,153.7023539831676
763,74.51970050137675,0.33980341881028314,28.105266812504006,3164.655983135541,133.1264012153023
764,80.74636663142837,0.47539375118700516,30.759495714113942,3045.152304622351,121.3976134447025
765,71.48411787437057,0.41567534046838084,32.46103203783737,3003.5226503867316,145.61739089670326
766,74.82505754751519,0.7170942717497814,29.89916230588886,2804.92679454435,134.40951633697446
767,83.85400317817755,0.48241141875676635,31.364222736423404,3260.701586386952,105.35463628341581
768,71.86516471106117,0.5123204806784486,28.450711068337284,3132.9405490666218,135.45146971343803
769,84.06224278998465,0.5551485376040468,29.41060024971571,2889.41583252654,149.23688774285878
770,78.53875967727738,0.5043602446372454,29.38242170735898,3200.3649707363875,115.6279402812646
771,72.18766612052866,0.6695051040430753,27.76026496037928,2900.4858323229587,130.63426274605766
772,78.1620386952776,0.4377350638265548,29.469677510652655,2843.5993014977926,161.12817443299616
773,79.86277224813365,0.5194607455237242,25.35414510340876,2848.0593765039425,149.48345132633295
774,78.10904981108598,0.42575294143019515,28.526538758573686,2645.7862893823817,151.87604310240488
775,67.14887640054772,0.3679977488779294,29.14537351989099,3094.308476083641,146.42112501063073
776,71.36431412087566,0.43882309090947147,29.23146074251386,2633.77102433233,178.75725762215868
777,73.76240682224248,0.4962963202951588,29.275507662387664,2754.3112337468474,174.89736967926677
778,74.62783285449977,0.457069777548274,29.814707400419614,2584.8823981842934,170.39164968847902
779,78.10336048775339,0.4307579020126144,31.43832455425819,2982.7860614418214,109.36478037935042
780,75.88850500466627,0.3593682536328166,32.623551222397566,2969.935907945626,149.88458260491532
781,68.32327820644949,0.4916894427371305,28.0507043194552,2934.660757362727,150.7034497904657
782,76.90098925502981,0.3495279625968998,26.390397433832568,2791.4844610658847,148.0179448599871
783,78.05292872641911,0.5760055963689603,26.87386676327069,2765.553249312672,145.83293542840914
784,77.7989522396552,0.5082439752934503,28.53839123641522,3092.873972709315,153.95310528176742
785,80.4039036277731,0.3542448500535069,28.944236046550472,2889.8896136583026,150.04073817606977
786,79.16961077274452,0.46907909229501366,27.69001180140763,3063.271664307229,137.94366333191627
787,77.29590039614219,0.4247843594409417,26.11165000725032,2822.9502627751554,151.31120727868245
788,74.64917144270676,0.531917451041918,28.631637517577435,3036.2125485542165,111.55525788259746
789,66.69519533242004,0.6340450446023145,30.544279860341913,3260.6556074632126,107.18200688939392
790,77.14809109566293,0.3124827530354255,31.785088397506694,3117.2331600785565,131.42245518968056
791,76.03843843581555,0.5115026079147417,28.327730840675038,2917.517236356704,140.655144364001
792,76.35789418597686,0.48398672044333596,28.7610065335697,3051.4397940711856,131.33132912266225
793,68.61625712089845,0.5671340076450466,27.21990507345807,2951.8669650939573,144.79115726435907
794,69.59471729795868,0.521319662823769,29.90568248887567,3001.5760369389454,137.4778850033996
795,80.26576426666452,0.42480306682611807,27.454714097427555,2934.8777895702992,132.49912388885824
796,74.80222423071673,0.46809460643333817,31.7193834397236,2967.132958822922,147.34270959630194
797,78.40750348686312,0.4203974143196511,24.64240052419767,3042.4186706148353,116.0407929258781
798,75.1415918806523,0.6076007138598598,28.921110982642613,2801.32826008361,131.41276778547785
799,75.14878069747873,0.5021311648671942,30.903322017575228,2796.8242346020043,165.0284328947162
800,79.69141902988,0.6901190685753007,30.551503548967514,2722.2914892337576,158.48939085427278
801,72.41977635891313,0.4939339186185379,38.07910099194149,2679.945779099258,170.5248843289504
802,75.48060388470492,0.42915932330895373,31.049400073703723,2756.5434615559043,151.1929006890587
803,72.6886235564748,0.3486285607387173,26.98783620947397,3031.892501360826,135.9559006420034
804,72.82751886283842,0.3196860323744055,29.713607258732782,2821.442496901623,162.83022178283318
805,73.4541393826568,0.341586405699451,24.671260999600644,3102.722892846219,119.96238105333602
806,76.11066885816857,0.5267126651011483,29.75820075210972,3006.9427497505126,127.52447076057473
807,72.60625689168262,0.5508725023229933,27.500831828997725,2606.299157312389,182.04663408853693
808,81.2787806278676,0.34188092979678664,32.74617082668048,3130.995116844338,143.4401051546852
809,70.52696348890248,0.5895038314076115,28.351379176213396,3162.159729118342,114.85100624674844
810,74.0656417791932,0.45169389483165606,29.64970225261426,2801.227465033029,167.82462140867864
811,72.80134470862913,0.514679301198555,28.09332647578679,3084.038308578998,110.32093102198317
812,82.23488942176867,0.6612220628255424,35.216554055559996,2828.7003525181603,149.54592930715864
813,75.98277388255788,0.5896839315865532,29.036271701646264,3019.534075349667,122.53152479715189
814,80.15922269734317,0.47314693520941675,35.4976711304376,2747.100318609007,164.62646619703662
815,67.57219813481514,0.41088077745847124,32.4424552863548,2641.378709493085,179.05446692796332
816,76.33525132934629,0.2848184598670695,31.44620018200616,2923.436562077406,168.45193523207112
817,79.44815397811719,0.42808466807575796,31.10619944195256,2975.2542107450327,132.601912049251
818,75.41141994637712,0.4788869761172306,31.181391894648755,2920.464061277079,152.5795980688603
819,80.32740187532676,0.4012820472848816,24.21698226196317,2763.193888355488,160.6577332295784
820,72.41355774949814,0.48687430329076953,29.16334981754773,2920.0201875737725,145.86443242323855
821,82.0467372009279,0.5076851882958768,32.53547391355296,3053.8589505161467,126.36793800153544
822,86.49449061809625,0.47751440181919214,29.853308449577682,2991.0213939754926,125.31816415750188
823,73.18580719780171,0.434999741917654,25.784430459589274,3036.5002061198425,137.8660990341655
824,72.77248739299614,0.5168654671966728,29.84278664826759,2865.9769599091533,150.54630473153475
825,82.2669223855885,0.5441940649569409,35.11231654876647,3234.343582943232,110.63487974910282
826,82.89786072865357,0.3909600922557154,33.74067514660416,2764.765332689044,163.37158321091164
827,72.38569986423366,0.641093237974627,29.813987971901906,3097.5120594173436,129.9812277235398
828,72.89906591452072,0.4901411867715738,32.85434783117426,3236.378218591992,124.64067200543539
829,73.59107695569746,0.5018849622944848,28.900478938895844,3096.181618549779,117.98581833417107
830,68.27774744482862,0.5708214423256557,24.88838523951984,2959.495154587034,150.0582637085072
831,70.40674026757901,0.5233216131263502,27.226602035611336,2894.3405906674043,137.33312587205404
832,69.97929616623966,0.5953136633913245,34.68866630552459,3207.217530209251,120.40147460776616
833,71.16101217447935,0.5287124165201824,29.178020754512087,2715.405014947665,172.64075943901335
834,74.8265755630661,0.43875626253595623,29.269848061874946,2805.9751479240713,140.93821538263694
835,76.1710736626826,0.5361503525206102,29.10048541117536,2920.4884469016556,143.9878933177567
836,82.75250246407039,0.38562737926793383,35.71240976871902,3247.5307515023997,109.90434352072499
837,70.00822979630604,0.5108559705776523,34.87787674608619,3075.9535272081794,124.27008127279265
838,79.92161199238292,0.49667700093555395,36.6563407003444,2806.390848297951,168.0747824342258
839,73.93005577887246,0.47918831427274605,29.522864368799848,2937.9384589230194,138.74491909825034
840,74.75268145173783,0.4871462488561069,30.886873466241283,2877.135371180741,142.48904042207113
841,78.37409746083301,0.3118150954502361,25.450072351737624,2858.042201553293,160.1749257417933
842,69.3863898921885,0.44512750922590383,34.43080327835482,3195.777911711356,130.3285358844591
843,76.91204873092025,0.5092844901141115,26.496661346196195,2725.651374147299,162.0981278540031
844,75.83226104106528,0.51598563919974,30.650326691287887,3321.7561711468747,115.77267586148537
845,77.46225632004075,0.3972324859074042,26.70809241710147,3165.6459380369247,130.15241036055784
846,76.44584321953909,0.62657078408647,28.233399519783912,3218.17233412074,86.84919257651863
847,87.27650069955448,0.4133825151785499,27.4882127068509,2907.412097594948,139.65674449673037
848,71.81130007874341,0.5969457200526737,28.176374217972548,2970.011856184178,131.6274573460598
849,72.34501522499092,0.5427194361871684,28.382631890553064,2713.3696370950574,170.1481664029346
850,71.88429736787617,0.4353772690156197,28.35519361522477,2895.0675185866394,126.53406544287586
851,72.22261440419872,0.6775310892609512,32.50000173534092,3098.7309695286303,145.62913846916723
852,71.81306436346742,0.380636316824352,26.685411620812438,3259.2126123562794,124.45065169036283
853,80.94508265553776,0.5919154173610002,30.6616242810416,2778.56863663951,153.56359217940704
854,82.10252123994927,0.6000582318042978,33.653877456916675,2926.8988126029467,148.07162369370724
855,72.14626853125262,0.4329379790923355,28.460410906459813,2969.7401559534956,168.74249171253362
856,70.83822213447885,0.639246530006433,27.846243327757193,2720.8421595615027,169.24181292217267
857,77.35707778193202,0.4749953485401047,29.30842612445925,3118.26984835168,135.2328398115769
858,72.23888477859515,0.5288693629279857,33.53917562508213,2855.201933651478,153.22379634379917
859,78.16465908877755,0.526032183877122,30.582322892860073,2960.921929764595,137.10861075162614
860,76.01461510425649,0.4865691258529452,28.406357116177205,2909.6101256176244,141.94526915341302
861,67.42127942501384,0.5810808273159782,31.45162995356412,2842.132298856065,144.76096911894223
862,82.73752600665031,0.5793488720552213,26.693123550490732,2998.591002903889,122.93455210652989
863,83.9793883654776,0.3251468026761819,32.04407853132884,2956.8780842863957,132.55959761138269
864,71.93605654757806,0.6304340242878153,31.225821923105304,2925.6284235442668,139.18871365054335
865,73.06149220032007,0.3337508011964325,29.076574586583348,2854.3076756639316,144.50427050136128
866,76.42932695362452,0.6032546204341658,27.484242604658306,3063.904934156591,127.1412773272574
867,76.67228394993512,0.6126705136827584,27.33995723314963,3330.723453698457,97.59468089062538
868,78.29272136336415,0.39090335697848017,31.60445200903773,3027.9774465678256,139.9800797964782
869,85.05102269383175,0.4589185712045415,33.68694150746718,3199.223642982226,109.38488009443448
870,74.11526386252976,0.38942953315140644,28.088076758913616,2721.9556149693076,202.04393361603906
871,71.00851377730773,0.47850789697112645,31.375160110654452,3031.552287858754,151.01627847871754
872,68.10340385992737,0.46919657158142586,23.73891894419379,2780.5263362057867,151.99041086953915
873,71.3453498002904,0.577966053226934,28.246146808028403,2704.6150144936196,167.2962018634151
874,74.83436513563102,0.6310308746119608,29.906823201387294,2852.1257185081927,139.73864042139394
875,83.97278931758893,0.6395683810789956,27.2709497490545,3238.3798668827144,92.05240233191016
876,72.41194350481915,0.44378319734216976,27.190480875631213,3190.003165733929,109.20383109584968
877,76.11893975819449,0.4790778126255472,27.99666133059334,3048.60094441088,137.44871195612996
878,74.91788551963624,0.33165618077790493,30.87657818497912,2693.4598880220137,169.7984570483895
879,80.94196636724043,0.4194129933503811,29.438012944780876,2960.7438697224125,152.1622404168715
880,87.63466212936811,0.5964851633097458,23.285306300025084,3060.340001780347,130.26223273709832
881,72.3456561353984,0.6615582823548232,23.6378995420948,3035.1072459157194,140.9776770751022
882,72.5528027874089,0.3765651128120078,28.179404466428473,2631.2412833038507,173.24734697456907
883,80.22080438534536,0.44075357408471055,31.373059758160657,2821.9364303960256,160.4119321704093
884,78.40945744813156,0.4973594243041073,21.757485471824296,2987.1844471702566,143.5333975101262
885,84.23353662868017,0.5280161158819607,28.500809471545107,3107.258181903438,116.0148259501784
886,77.91964092662982,0.4190396480078354,28.421256430447738,2560.7744357800107,176.29303398436352
887,73.2035395460647,0.542406104446409,34.16501333462534,2967.5752049040284,155.6156111720041
888,77.95327415346155,0.4526160652929084,28.844934564861408,3028.6097539757907,137.80654301836526
889,80.54351790291454,0.4985547729121721,31.148966954222786,3169.9223977032425,124.16794013972724
890,79.10241090598682,0.55462842480037,30.42377142026239,3138.571516847487,110.63946150396008
891,77.53637015553649,0.5006422269810937,23.6083005605784,3116.514263761761,112.35543253177903
892,80.33337344794577,0.4563614109473431,32.30462164989521,2840.011898659613,147.31955511777758
893,80.84647795222837,0.4890390196074169,30.646189516368864,2618.3995725753384,172.04463891208115
894,81.91079495518764,0.49116370407946647,31.52480591902377,2921.38944858772,131.7052723914874
895,78.24354943794822,0.4629988970117872,41.77871311930898,3200.326365041712,117.59719583976145
896,74.16440959841573,0.47412039373328974,23.747661181504235,3278.6909055048864,94.45763308295405
897,75.73356843216662,0.6598647170504717,35.17408994928333,3142.109820459557,103.72852366073869
898,81.03254483254179,0.5560919447941238,29.137657441798932,3085.868164560347,129.80142637075696
899,70.91532164506381,0.47045196819708396,30.861986713209028,3075.927929677193,139.4648530026735
900,76.8433665443645,0.5696954404510736,29.863463264096275,2888.776250647844,140.29715198661103
901,73.0333059383632,0.466618051024399,28.72729099980587,2973.987941289276,132.57600725990133
902,75.14372411467409,0.6173124637586641,28.290501215283722,3333.813905165266,87.90708872294304
903,81.39225931303649,0.5369642192198094,30.988526206719026,2811.4883988416245,147.57413703891575
904,75.95549534009952,0.4892697855995771,25.448478909984964,3322.9557581419704,111.70837215222727
905,75.23218274078074,0.5447716925810278,32.2517375025653,2935.594369101588,150.86834400384265
906,68.2007192951004,0.34291238479315006,28.751416785344237,3265.086421819016,117.280061576071
907,78.7312678301361,0.3873232531090195,26.609791982878928,2718.6369981004923,157.86957935958392
908,78.22742090570537,0.38060749936009447,28.64996142601256,3117.1808402329298,132.81626693451295
909,85.8162736165273,0.5142943094763707,33.77144765058772,2852.6459728104755,137.87720073061178
910,73.461108825235,0.6732514999485092,28.39399473895133,2716.9465616151624,152.72968803982877
911,76.0957516383197,0.7231300146192632,31.07536085462886,3043.706808482189,134.67770350602845
912,76.24691841855378,0.5638051101440757,27.80713117285358,3201.894357719194,121.76800379725759
913,82.88726639881737,0.5500844474944457,32.27376554977086,2831.011712281301,149.53071632025342
914,74.52352233806523,0.3198942265847261,32.056523216370614,2700.19680790832,164.00465669977183
915,76.39510762885169,0.4457326200265978,35.54582649988923,2981.631047133009,143.46667614564993
916,78.0394825485827,0.42122162480917613,29.473308163502352,2982.512934244564,152.29445696866875
917,75.9330456157818,0.43791524017488836,32.00596441427372,3109.6639255109,125.41498597461931
918,72.76783192724736,0.48318561814152106,30.294202618616833,3189.918914272898,133.9760526018776
919,75.97044996449154,0.45279094223028726,33.88761534558904,2988.1169637455014,153.49098442687176
920,80.36815874929886,0.30207001896242125,27.84350283717381,3371.100662958853,124.23968170277892
921,69.8674235029447,0.5747910256117534,32.23501593863185,3044.8469489070585,134.89447334254768
922,75.66484837073438,0.39272569742601937,29.415908111649955,2930.7146987986202,155.3337380615299
923,71.49939592530413,0.523924686411115,29.807435468674505,2677.6865281794344,184.42728778215962
924,80.97523314462421,0.7074082669749974,30.27525745334512,2947.4680959367665,133.86909985595108
925,67.38406547608113,0.40806154084135765,30.756721189280032,2932.7226109177727,147.62028805021214
926,72.20539076364206,0.246971247725367,29.651312870634126,3192.060959256294,127.8572179410026
927,76.8860593753226,0.47139957781198893,30.64413954951158,3092.4967248133707,131.12286847813954
928,82.8276201461717,0.6100959634998571,34.73435417268655,2764.1261756734766,138.76315996511144
929,74.67124869463507,0.6958347454220594,32.95634905684565,3034.4508772822073,122.99496149971678
930,72.22400236653401,0.3770450405547583,32.60746377749069,3134.3062343458105,142.57059453671653
931,84.40578534720295,0.5496699223236522,28.633381421928387,3305.6062718775665,77.84044551080645
932,67.75993049791877,0.45346895432199463,27.332277515315027,3177.500793482812,141.04132870460484
933,64.00597021689958,0.48940516456958644,32.86590167471326,3152.1693308622957,139.53356576387293
934,77.20007225026666,0.7644343347017035,32.62814037758938,3012.0171989230325,117.37888108917343
935,72.48972887823695,0.34970296716048466,34.41801202725294,3077.66240108469,143.9376553731064
936,69.89383591434644,0.5253739661494573,28.18805812209231,3249.9009801412317,113.82576299029398
937,78.54178223649677,0.5467693171765433,29.31135403391896,2733.44452050407,172.34609465690426
938,76.219003568856,0.6085786324939347,25.081547512423697,2930.112134556609,148.27718456291382
939,72.17960684631636,0.5097983153470895,28.82258668181738,2845.4862502487517,139.87094855278204
940,68.59847800664552,0.5308050539504102,32.989711531738344,3075.830623745225,137.450070059276
941,79.36228664140073,0.4608351432578209,28.600513862315406,3246.0444351301576,110.61637746696036
942,78.2510058897933,0.5269126941245107,31.921439385602472,2880.605142655785,147.29667378848023
943,74.50412068110309,0.46568077245025896,29.428490682006565,2521.939126506112,179.9882693766261
944,84.23318498023833,0.5621571889856051,30.97217108466468,2917.555850995106,155.5013336522983
945,69.64957616836924,0.4630389663956366,26.556925830553,3182.694746403481,134.15440715471118
946,67.37237414537631,0.5377100393902187,30.255628348901702,3107.525980589976,121.27800125907366
947,71.54045965059377,0.4970737186315022,21.02659208729783,3085.6372495621154,117.46625321781411
948,74.77206991822251,0.6126050250772168,29.439311525514047,2944.0013396251043,133.726853514739
949,76.21669724661346,0.49486062764115135,25.10858026885458,2744.193852756043,167.07426117994447
950,73.79381971071835,0.32269675317931185,33.61798354964045,3103.0588643248934,139.06442449264807
951,76.76027698257148,0.6261921500713992,32.33222205829353,2833.143637993075,159.52721845351925
952,68.74230287904778,0.4094267699137381,31.400012945898244,3436.8193466760913,109.3747726189886
953,82.2188230203663,0.434623366135118,34.56301868147814,3114.101441670903,135.4449662734997
954,74.58924410803715,0.44043387059565076,27.15325043752549,2883.87033948921,155.5652044733823
955,80.58647915794064,0.6374438093170818,35.24208959374668,2877.7229505222745,126.16928760083826
956,76.71362673188852,0.28643257860213045,32.79657469278116,2981.4111586772824,147.22345652475192
957,77.28376609576893,0.8137748533659994,29.290334138343162,2952.09961559565,136.06031012333722
958,77.84883640116102,0.6056056809066052,33.40686044154883,3223.3667551059907,107.94339295824368
959,77.23854280008658,0.522323891412916,26.681119462765096,3037.283233948809,136.56711432066743
960,78.21361379933772,0.4945105999383714,27.52645751541698,2853.6736522182946,147.61281472912177
961,81.64576265066216,0.5285554074857657,28.174230830280898,3378.0881370311563,84.6424161118465
962,75.98260584850735,0.5521122428379338,28.413066875807953,3009.8616663040443,132.18347766298407
963,78.54501878794257,0.5645215585950057,26.830327071719243,3153.7679351937795,120.21509358722699
964,74.55132152856386,0.5555604466003449,33.66924920128598,2878.3546985110484,140.55396985998155
965,82.20058607724737,0.5089580681255249,29.223436798890503,3072.6231255489047,123.83237855164288
966,71.61803848970365,0.4802661579692674,31.05751490507064,3062.221998228639,124.56084061396102
967,84.00470216455408,0.4848726716346488,28.288945900758957,2622.0701415807694,182.7394503535545
968,74.79921024677829,0.4805091719647319,24.53819009835445,3403.055022092128,95.3248764932811
969,67.84612448940976,0.6133770096867065,30.810172075174265,3258.1288921845094,124.1227535037707
970,75.64052207455394,0.5593556722280861,24.26323507374067,2920.5609367708025,157.44334017964758
971,71.59474171262559,0.20596113653357195,29.794097861743595,2779.5460519088288,175.13950747890829
972,79.20321774494361,0.5655900776529761,25.89505488350157,3069.5123227607105,115.08316764333483
973,71.73688010348805,0.5194736194718775,35.961827997692424,3017.3395398828793,115.56494620904074
974,72.7690828339261,0.49812912435541024,32.73408816652417,3071.133789712646,116.87525266373393
975,65.55229634527234,0.4611481546911114,30.317261373814443,3038.3154792388177,126.5965479199399
976,72.73846840375461,0.6124112719986013,33.791120032964,3101.2481978611854,136.67007868668912
977,62.88060336685522,0.5947526462122859,27.461052067602793,3289.4611398783613,111.03419789039141
978,67.08048588257138,0.42271223321763907,31.63043813601028,3113.620641025729,137.85812653617927
979,78.80207328072149,0.5407052287124535,30.59943130115614,2790.0689002180115,132.35260181286418
980,78.92900079325416,0.40283432654587137,30.79206024400101,3272.5125705424903,101.16286192965767
981,77.12728780892482,0.36203818352110695,33.8170605003203,3328.1229126976573,119.39295341417939
982,70.16511928435393,0.43732827754100345,32.197476308339404,3630.411346902417,82.877632914357
983,74.7614432192901,0.5862393472382759,30.86617098847507,2775.30119335208,154.30513890637715
984,74.98198730454716,0.5953125045376086,25.035337691315114,3048.576402630055,133.5341644438417
985,69.20817655403728,0.5513085420097293,27.11986111416161,2583.5802593622025,195.8304367476328
986,82.51699150883576,0.5725095786847997,29.631873199212826,3110.6298312758418,116.84261754838745
987,79.38681145287836,0.5516178287114959,30.280117122829953,2890.3599403666453,144.3834068279022
988,73.89517913085169,0.43585184047770476,26.60938882597823,3384.689158964991,104.7168717015029
989,75.13442919497265,0.543192254467394,37.23503002673526,2845.077005996284,174.6865684322555
990,76.04191403973776,0.5800409525227682,34.54918216576072,2662.1633924065477,145.76709346914765
991,64.79132565787855,0.5754291329813574,31.80635496117745,2905.747251859496,155.09038548393136
992,73.76411308739702,0.6188913371474642,30.216110583851233,2604.9024457565724,170.5351095356804
993,71.59007876001101,0.5708303847201064,29.363373090296545,3150.219890901462,126.30916955568472
994,69.99189995052542,0.5351448207541583,27.144244619933293,2586.983390748736,172.97474437220853
995,73.59449853557022,0.6070150238316427,30.232441555556587,3005.6915162366317,131.79319760838504
996,83.98843263424762,0.497347874075094,30.773257620428254,2584.4376360287606,181.80873217090038
997,78.20421430633505,0.41181253487722824,26.274718273555127,2935.9404390926716,177.84232420414233
998,72.14410505108602,0.4836933036056236,31.002529251734693,3328.675631160907,114.9560810721058
999,77.86291390678079,0.4255097355193551,29.534222853525755,3072.129578287159,124.09944246162085
